action,build,cost,expected_rounds_to_afford,minutes_to_afford,cumulative_minutes,seconds,kills,impacts,coins,direct_coins,score,shots,hits,max_emitters,capped,final_interval,p10_seconds,p90_seconds,coins_per_minute,hit_rate,double_rate,triple_rate
Start,Ered L1 / Solaris-C1 L1 / Brown Asteroid L1 / Stars L1,0,0,0,0,63.98125,22.083333333333332,3.4583333333333335,2.3333333333333335,0.7083333333333334,189.54166666666666,39.041666666666664,20.666666666666668,1,0,1.51875,36.65,90.0,1.7725726042573395,0.5293489861259338,0.0,0.0
Solaris-C1 L2,Ered L1 / Solaris-C1 L2 / Brown Asteroid L1 / Stars L1,4,1.7142857142857142,2.256607142857143,2.256607142857143,90.67083333333333,36.625,4,4.125,1.4166666666666667,316.3333333333333,63,34.208333333333336,1,0.08333333333333333,1.34375,44.3,165.25,2.3421789361618233,0.542989417989418,0.0,0.0
Solaris-C1 L3,Ered L1 / Solaris-C1 L3 / Brown Asteroid L1 / Stars L1,4,0.9696969696969697,1.707811447811448,3.9644185906685907,130.5375,60.666666666666664,3.375,6.291666666666667,1.75,498.5833333333333,103.25,56.166666666666664,1,0.2916666666666667,1.1199999999999999,69.5,180.0,2.5938332045005583,0.5439870863599677,0.0,0.0
Ered L2,Ered L2 / Solaris-C1 L3 / Brown Asteroid L1 / Stars L1,4,0.6357615894039734,1.5421192052980133,5.506537795966604,141.63541666666666,65.875,4.291666666666667,6.75,1.875,541.5416666666666,112.58333333333333,61.166666666666664,1,0.375,1.1112499999999998,79.15,180.0,2.585622132074217,0.543301258327165,0.0,0.0
Ered L3,Ered L3 / Solaris-C1 L3 / Brown Asteroid L1 / Stars L1,4,0.5925925925925926,1.5470164609053496,7.053554256871954,158.21875,74.91666666666667,4.791666666666667,7.833333333333333,2.1666666666666665,617.4166666666666,126.75,68.79166666666667,1,0.625,1.0949999999999998,101.65,180.0,2.7133321306151905,0.5427350427350428,0.0,0.0
Stars L2,Ered L3 / Solaris-C1 L3 / Brown Asteroid L1 / Stars L2,4,0.5106382978723405,1.4742021276595743,8.527756384531529,158.21875,74.91666666666667,4.791666666666667,8.125,2.1666666666666665,642.1666666666666,126.75,68.79166666666667,1,0.625,1.0949999999999998,101.65,180.0,2.814360454627458,0.5427350427350428,0.0,0.0
Stars L3,Ered L3 / Solaris-C1 L3 / Brown Asteroid L1 / Stars L3,4,0.49230769230769234,1.4212820512820512,9.94903843581358,158.21875,74.91666666666667,4.791666666666667,8.291666666666666,2.1666666666666665,666.875,126.75,68.79166666666667,1,0.625,1.0949999999999998,101.65,180.0,2.8720909254916105,0.5427350427350428,0.0,0.0
Hypron L1,Ered L3 / Hypron L1 / Brown Asteroid L1 / Stars L3,18,2.170854271356784,6.267211055276383,16.216249491089965,168.90416666666667,82.33333333333333,3.875,8.791666666666666,2.0416666666666665,727.0833333333334,138.66666666666666,75.91666666666667,1,0.7916666666666666,1.0299999999999998,128.1,180.0,2.8683417540838754,0.5474759615384616,0.0,0.0
Hypron L2,Ered L3 / Hypron L2 / Brown Asteroid L1 / Stars L3,4,0.4549763033175356,1.3945339652448656,17.61078345633483,161.37916666666666,78.25,3.5,8.875,2.375,700.25,132.75,71.66666666666667,1,0.7083333333333334,1.0587499999999999,108.6,180.0,3.0190640429000024,0.5398618957940993,0.0,0.0
Hypron L3,Ered L3 / Hypron L3 / Brown Asteroid L1 / Stars L3,4,0.4507042253521127,1.3249139280125195,18.93569738434735,173.67291666666668,86.70833333333333,3.3333333333333335,9.083333333333334,2.125,753.125,145.66666666666666,78.58333333333333,1,0.875,1.0012499999999998,157.9,180.0,2.8885968883539634,0.5394736842105263,0.0,0.0
Vanguard L1,Ered L3 / Vanguard L1 / Brown Asteroid L1 / Stars L3,35,3.8532110091743115,12.116609327217125,31.052306711564476,172.66041666666666,85.66666666666667,3.3333333333333335,9.166666666666666,2.1666666666666665,754.625,146.41666666666666,78.75,1,0.7916666666666666,0.9887499999999998,138.55,180.0,2.930825848995859,0.5378486055776893,0.0,0.0
Vanguard L2,Ered L3 / Vanguard L2 / Brown Asteroid L1 / Stars L3,4,0.4363636363636364,1.3648030303030303,32.417109741867506,175.12083333333334,89.08333333333333,2.4583333333333335,10.5,3.0416666666666665,797.4583333333334,148.70833333333334,80.875,1,0.875,0.9904166699999998,164.2,180.0,3.3136820881456965,0.5438498178761557,0.0,0.0
Vanguard L3,Ered L3 / Vanguard L3 / Brown Asteroid L1 / Stars L3,4,0.38095238095238093,1.2071164021164023,33.62422614398391,171.21458333333334,86.45833333333333,2.7916666666666665,9.833333333333334,2.6666666666666665,763.5,147.29166666666666,79.41666666666667,1,0.8333333333333334,0.9758333399999997,159.05,180.0,3.1683877247351284,0.5391796322489393,0.0,0.0
Vanguard L4,Ered L3 / Vanguard L4 / Brown Asteroid L1 / Stars L3,5,0.5084745762711864,1.5780896892655367,35.20231583324945,171.76041666666666,87.83333333333333,2.8333333333333335,9.333333333333334,2.2916666666666665,758.9166666666666,147.95833333333334,79.375,1,0.8333333333333334,0.9662500099999997,140.6,180.0,2.9984940599029506,0.5364686003942551,0.0,0.0
Puras L1,Puras L1 / Vanguard L4 / Brown Asteroid L1 / Stars L3,24,2.571428571428571,8.004017857142857,43.206333690392306,179.00208333333333,91.375,3.2916666666666665,10.25,2.7083333333333335,796.75,153.45833333333334,82.70833333333333,1,0.9583333333333334,0.9362500099999996,180.0,180.0,3.1700690499457695,0.5389628020635351,0.0,0.0
Puras L2,Puras L2 / Vanguard L4 / Brown Asteroid L1 / Stars L3,4,0.3902439024390244,1.2618021680216802,44.46813585841399,180.0,92.04166666666667,3.2916666666666665,10.333333333333334,2.75,802.9166666666666,154.45833333333334,83.375,1,1,0.9325000099999996,180.0,180.0,3.1794871794871793,0.5397895872673321,0.0,0.0
Puras L3,Puras L3 / Vanguard L4 / Brown Asteroid L1 / Stars L3,4,0.3870967741935484,1.2580645161290323,45.72620037454302,180.0,92.04166666666667,3.2916666666666665,10.333333333333334,2.75,802.9166666666666,154.45833333333334,83.375,1,1,0.9325000099999996,180.0,180.0,3.1794871794871793,0.5397895872673321,0.0,0.0
Puras L4,Puras L4 / Vanguard L4 / Brown Asteroid L1 / Stars L3,5,0.48387096774193544,1.5725806451612905,47.29878101970431,180.0,92.04166666666667,3.2916666666666665,10.333333333333334,2.75,802.9166666666666,154.45833333333334,83.375,1,1,0.9325000099999996,180.0,180.0,3.1794871794871793,0.5397895872673321,0.0,0.0
Green Nebula L1,Puras L4 / Vanguard L4 / Brown Asteroid L1 / Green Nebula L1,15,1.4516129032258063,4.717741935483871,52.01652295518818,180.0,91.95833333333333,3.2083333333333335,10.25,3.0416666666666665,781.0416666666666,154,83.41666666666667,1,1,0.9462500099999996,180.0,180.0,3.1538461538461537,0.5416666666666667,0.0,0.0
Green Nebula L2,Puras L4 / Vanguard L4 / Brown Asteroid L1 / Green Nebula L2,4,0.3902439024390244,1.2682926829268293,53.284815638115006,180.0,91.58333333333333,3.2916666666666665,10.875,3.25,805.7083333333334,154.41666666666666,83.5,1,1,0.9487500099999997,180.0,180.0,3.3461538461538463,0.5407447382622774,0.0,0.0
Green Nebula L3,Puras L4 / Vanguard L4 / Brown Asteroid L1 / Green Nebula L3,4,0.367816091954023,1.1954022988505746,54.48021793696558,180.0,92.20833333333333,3.0416666666666665,11.25,3.375,833.3333333333334,154.125,84.125,1,1,0.9562500099999997,180.0,180.0,3.4615384615384617,0.545823195458232,0.0,0.0
Green Nebula L4,Puras L4 / Vanguard L4 / Brown Asteroid L1 / Green Nebula L4,5,0.4444444444444444,1.4444444444444444,55.92466238141002,180.0,91.75,3.3333333333333335,11.25,3.2916666666666665,848.625,153.33333333333334,83.83333333333333,1,1,0.9712500099999997,180.0,180.0,3.4615384615384617,0.5467391304347825,0.0,0.0
Orion L1,Puras L4 / Orion L1 / Brown Asteroid L1 / Green Nebula L4,60,5.333333333333333,17.333333333333332,73.25799571474336,180.0,91.29166666666667,3.0416666666666665,11.541666666666666,3.4583333333333335,854.8333333333334,153.375,83.91666666666667,1,1,0.9724999999999997,180.0,180.0,3.551282051282051,0.5471339309970117,0.0,0.0
Orion L2,Puras L4 / Orion L2 / Brown Asteroid L1 / Green Nebula L4,7,0.6064981949458484,1.9711191335740073,75.22911484831737,180.0,91.79166666666667,2.4583333333333335,10.958333333333334,2.9583333333333335,847.375,152.45833333333334,83.45833333333333,1,1,0.9774999999999998,180.0,180.0,3.371794871794872,0.5474173271385624,0.0,0.0
Orion L3,Puras L4 / Orion L3 / Brown Asteroid L1 / Green Nebula L4,8,0.7300380228136881,2.3726235741444865,77.60173842246185,180.0,92.375,2.4583333333333335,10.416666666666666,2.5416666666666665,832.6666666666666,156.58333333333334,84.29166666666667,1,1,0.9537499999999998,180.0,180.0,3.2051282051282053,0.5383182543906333,0.0,0.0
Orion L4,Puras L4 / Orion L4 / Brown Asteroid L1 / Green Nebula L4,8,0.768,2.496,80.09773842246184,180.0,92.29166666666667,2.9166666666666665,10.791666666666666,2.9166666666666665,839.5,157.45833333333334,84.79166666666667,1,1,0.9487499999999998,180.0,180.0,3.3205128205128207,0.5385022492722943,0.0,0.0
Orion L5,Puras L4 / Orion L5 / Brown Asteroid L1 / Green Nebula L4,9,0.833976833976834,2.7104247104247103,82.80816313288655,180.0,96.20833333333333,2.3333333333333335,12,3.75,875.4583333333334,157.33333333333334,86,1,1,0.9412499999999997,180.0,180.0,3.6923076923076925,0.5466101694915254,0.0,0.0
Inferna L1,Puras L4 / Inferna L1 / Brown Asteroid L1 / Green Nebula L4,95,7.916666666666667,25.729166666666664,108.53732979955322,180.0,93.95833333333333,1.625,10.375,2.5,846,158.41666666666666,85.125,1,1,0.9262499999999997,180.0,180.0,3.1923076923076925,0.5373487638085218,0.0,0.0
Inferna L2,Puras L4 / Inferna L2 / Brown Asteroid L1 / Green Nebula L4,11,1.0602409638554218,3.4457831325301203,111.98311293208334,180.0,95,1.5,11.041666666666666,2.9583333333333335,860.875,161.20833333333334,86.54166666666667,1.0416666666666667,1,0.9112499999999997,180.0,180.0,3.3974358974358974,0.5368312225381235,0.041666666666666664,0.0
Inferna L3,Puras L4 / Inferna L3 / Brown Asteroid L1 / Green Nebula L4,12,1.0867924528301887,3.5320754716981133,115.51518840378145,180.0,92.83333333333333,1.75,10.791666666666666,2.7916666666666665,851.2916666666666,163.54166666666666,85.70833333333333,1,1,0.8812499999999996,180.0,180.0,3.3205128205128207,0.5240764331210191,0.0,0.0
Inferna L4,Puras L4 / Inferna L4 / Brown Asteroid L1 / Green Nebula L4,13,1.2046332046332047,3.915057915057915,119.43024631883937,180.0,93.79166666666667,1.4583333333333333,10.958333333333334,2.875,856.25,161.95833333333334,85.375,1,1,0.9074999999999998,180.0,180.0,3.371794871794872,0.5271417545665037,0.0,0.0
Inferna L5,Puras L4 / Inferna L5 / Brown Asteroid L1 / Green Nebula L4,14,1.2775665399239544,4.152091254752852,123.58233757359221,180.0,96.04166666666667,1.3333333333333333,11.416666666666666,3.2916666666666665,877.0833333333334,165.58333333333334,87.08333333333333,1.0833333333333333,1,0.8687499999999997,180.0,180.0,3.5128205128205128,0.5259184700553597,0.08333333333333333,0.0
Aurion L1,Puras L4 / Aurion L1 / Brown Asteroid L1 / Green Nebula L4,145,12.7007299270073,41.277372262773724,164.85970983636594,180.0,97.5,1.1666666666666667,10.208333333333334,2.1666666666666665,845.5416666666666,168.125,89.29166666666667,1,1,0.8387499999999997,180.0,180.0,3.141025641025641,0.5311028500619579,0.0,0.0
Aurion L2,Puras L4 / Aurion L2 / Brown Asteroid L1 / Green Nebula L4,17,1.6653061224489796,5.412244897959184,170.2719547343251,180.0,95.25,1.7916666666666667,10.458333333333334,2.5833333333333335,839.3333333333334,166.66666666666666,88.33333333333333,1,1,0.8757499999999997,180.0,180.0,3.217948717948718,0.53,0.0,0.0
Aurion L3,Puras L4 / Aurion L3 / Brown Asteroid L1 / Green Nebula L4,18,1.7211155378486054,5.593625498007968,175.8655802323331,180.0,96.08333333333333,1.6666666666666667,11.291666666666666,3.1666666666666665,861.2916666666666,168.83333333333334,88.91666666666667,1,1,0.8552499999999996,180.0,180.0,3.4743589743589745,0.5266535044422508,0.0,0.0
Aurion L4,Puras L4 / Aurion L4 / Brown Asteroid L1 / Green Nebula L4,20,1.7712177121771218,5.756457564575646,181.62203779690873,180.0,98.66666666666667,0.875,11.041666666666666,2.8333333333333335,864.5,169.41666666666666,88.91666666666667,1,1,0.8347499999999997,180.0,180.0,3.3974358974358974,0.5248401377274964,0.0,0.0
Aurion L5,Puras L4 / Aurion L5 / Brown Asteroid L1 / Green Nebula L4,21,1.9018867924528302,6.181132075471698,187.80316987238044,180.0,95.70833333333333,1.9583333333333333,10.625,2.7083333333333335,845.0833333333334,167.875,87.08333333333333,1,1,0.8629999999999997,180.0,180.0,3.269230769230769,0.5187391412261106,0.0,0.0
Aurion L6,Puras L4 / Aurion L6 / Brown Asteroid L1 / Green Nebula L4,23,2.164705882352941,7.035294117647059,194.8384639900275,180.0,98.04166666666667,1.2083333333333333,10.791666666666666,2.7083333333333335,853.4166666666666,176,91.20833333333333,1.0833333333333333,1,0.8199999999999996,180.0,180.0,3.3205128205128207,0.5182291666666666,0.08333333333333333,0.0
Nepulan L1,Nepulan L1 / Aurion L6 / Brown Asteroid L1 / Green Nebula L4,100,9.266409266409267,30.115830115830114,224.9542941058576,180.0,96.41666666666667,0.9166666666666666,10.708333333333334,2.8333333333333335,832.875,177.08333333333334,89.16666666666667,1.125,1,0.8212499999999996,180.0,180.0,3.2948717948717947,0.5035294117647059,0.125,0.0
Nepulan L2,Nepulan L2 / Aurion L6 / Brown Asteroid L1 / Green Nebula L4,12,1.1206225680933852,3.6420233463035023,228.5963174521611,180.0,96.79166666666667,0.8333333333333334,10.583333333333334,2.7083333333333335,834.9583333333334,177.58333333333334,89.375,1.125,1,0.8199999999999996,180.0,180.0,3.2564102564102564,0.503284842796809,0.125,0.0
Nepulan L3,Nepulan L3 / Aurion L6 / Brown Asteroid L1 / Green Nebula L4,13,1.2283464566929134,3.9921259842519685,232.58844343641306,180.0,96.79166666666667,0.8333333333333334,10.583333333333334,2.7083333333333335,834.9583333333334,177.58333333333334,89.375,1.125,1,0.8199999999999996,180.0,180.0,3.2564102564102564,0.503284842796809,0.125,0.0
Nepulan L4,Nepulan L4 / Aurion L6 / Brown Asteroid L1 / Green Nebula L4,14,1.3228346456692912,4.299212598425197,236.88765603483824,180.0,96.79166666666667,0.8333333333333334,10.583333333333334,2.7083333333333335,834.9583333333334,177.58333333333334,89.375,1.125,1,0.8199999999999996,180.0,180.0,3.2564102564102564,0.503284842796809,0.125,0.0
Nepulan L5,Nepulan L5 / Aurion L6 / Brown Asteroid L1 / Green Nebula L4,15,1.4173228346456692,4.606299212598425,241.49395524743667,180.0,96.79166666666667,0.8333333333333334,10.583333333333334,2.7083333333333335,834.9583333333334,177.58333333333334,89.375,1.125,1,0.8199999999999996,180.0,180.0,3.2564102564102564,0.503284842796809,0.125,0.0
Milky Way L1,Nepulan L5 / Aurion L6 / Brown Asteroid L1 / Milky Way L1,80,7.559055118110236,24.566929133858267,266.06088438129495,180.0,96.79166666666667,0.8333333333333334,13.458333333333334,5.416666666666667,864.125,177.41666666666666,89.29166666666667,1.125,1,0.8224999999999996,180.0,180.0,4.141025641025641,0.503287928604979,0.125,0.0
Milky Way L2,Nepulan L5 / Aurion L6 / Brown Asteroid L1 / Milky Way L2,10,0.7430340557275541,2.414860681114551,268.4757450624095,180.0,96.125,0.9166666666666666,14.291666666666666,5.833333333333333,885.6666666666666,177.66666666666666,89.04166666666667,1.125,1,0.8199999999999996,180.0,180.0,4.397435897435898,0.501172607879925,0.125,0.0
Milky Way L3,Nepulan L5 / Aurion L6 / Brown Asteroid L1 / Milky Way L3,11,0.7696793002915452,2.5014577259475215,270.97720278835703,180.0,96.66666666666667,0.875,14.75,6.083333333333333,911.0416666666666,177.45833333333334,89.29166666666667,1.125,1,0.8162499999999996,180.0,180.0,4.538461538461538,0.5031697581591923,0.125,0.0
Milky Way L4,Nepulan L5 / Aurion L6 / Brown Asteroid L1 / Milky Way L4,12,0.8135593220338984,2.6440677966101696,273.6212705849672,180.0,97.375,0.875,15.25,6.416666666666667,937.7916666666666,177.08333333333334,89.83333333333333,1.125,1,0.8287499999999997,180.0,180.0,4.6923076923076925,0.5072941176470588,0.125,0.0
Milky Way L5,Nepulan L5 / Aurion L6 / Brown Asteroid L1 / Milky Way L5,13,0.8524590163934426,2.7704918032786883,276.39176238824587,180.0,97.5,0.875,16,7,966.375,176.04166666666666,90.08333333333333,1.0833333333333333,1,0.8424999999999996,180.0,180.0,4.923076923076923,0.5117159763313609,0.08333333333333333,0.0
Milky Way L6,Nepulan L5 / Aurion L6 / Brown Asteroid L1 / Milky Way L6,14,0.875,2.84375,279.23551238824587,180.0,97.83333333333333,0.8333333333333334,16.375,7,989.7916666666666,176.54166666666666,90.70833333333333,1.0833333333333333,1,0.8387499999999997,180.0,180.0,5.038461538461538,0.5138069388718433,0.08333333333333333,0.0
Milky Way L7,Nepulan L5 / Aurion L6 / Brown Asteroid L1 / Milky Way L7,15,0.916030534351145,2.9770992366412217,282.2126116248871,180.0,98.08333333333333,0.7916666666666666,16.833333333333332,7.083333333333333,1013.9583333333334,173.95833333333334,90.45833333333333,1.0416666666666667,1,0.8499999999999996,180.0,180.0,5.179487179487179,0.5199999999999999,0.041666666666666664,0.0
Crimsonex L1,Nepulan L5 / Crimsonex L1 / Brown Asteroid L1 / Milky Way L7,215,12.772277227722773,41.50990099009901,323.7225126149861,180.0,91.83333333333333,1.0416666666666667,16.625,7.166666666666667,1005.1666666666666,171.04166666666666,85.375,1.0416666666666667,1,0.8574999999999999,180.0,180.0,5.115384615384615,0.49914738124238733,0.041666666666666664,0.0
Crimsonex L2,Nepulan L5 / Crimsonex L2 / Brown Asteroid L1 / Milky Way L7,26,1.5639097744360901,5.082706766917294,328.8052193819034,180.0,94.16666666666667,0.7083333333333334,15.875,6.416666666666667,1004.75,171,86.20833333333333,1.0416666666666667,1,0.8407499999999999,180.0,180.0,4.884615384615385,0.5041423001949318,0.041666666666666664,0.0
Crimsonex L3,Nepulan L5 / Crimsonex L3 / Brown Asteroid L1 / Milky Way L7,28,1.763779527559055,5.732283464566929,334.5375028464703,180.0,95,0.75,17.208333333333332,7.5,1019.9166666666666,171.16666666666666,87.125,1,1,0.8452499999999998,180.0,180.0,5.294871794871795,0.5090068159688413,0.0,0.0
Crimsonex L4,Nepulan L5 / Crimsonex L4 / Brown Asteroid L1 / Milky Way L7,30,1.7433414043583537,5.665859564164649,340.20336241063495,180.0,96.25,0.5,17.416666666666668,7.583333333333333,1033.625,174.125,88.54166666666667,1.0416666666666667,1,0.8222499999999998,180.0,180.0,5.358974358974359,0.5084948552285236,0.041666666666666664,0.0
Crimsonex L5,Nepulan L5 / Crimsonex L5 / Brown Asteroid L1 / Milky Way L7,33,1.894736842105263,6.157894736842105,346.36125714747703,180.0,95.66666666666667,0.75,17.75,7.916666666666667,1034.0833333333333,173.29166666666666,88.83333333333333,1,1,0.8429999999999999,180.0,180.0,5.461538461538462,0.5126232267371964,0.0,0.0
Crimsonex L6,Nepulan L5 / Crimsonex L6 / Brown Asteroid L1 / Milky Way L7,35,1.971830985915493,6.408450704225352,352.7697078517024,180.0,95.91666666666667,0.625,18.458333333333332,8.583333333333334,1048.1666666666667,178.41666666666666,89.08333333333333,1.0416666666666667,1,0.8137499999999999,180.0,180.0,5.67948717948718,0.4992993928070995,0.041666666666666664,0.0
Hexora L1,Nepulan L5 / Hexora L1 / Brown Asteroid L1 / Milky Way L7,310,16.794582392776526,54.5823927765237,407.3521006282261,180.0,97.33333333333333,0.75,15.583333333333334,6.083333333333333,1002.625,174.41666666666666,89.83333333333333,1.0416666666666667,1,0.8262499999999998,180.0,180.0,4.794871794871795,0.5150501672240803,0.041666666666666664,0.0
Hexora L2,Nepulan L5 / Hexora L2 / Brown Asteroid L1 / Milky Way L7,37,2.3743315508021388,7.716577540106952,415.068678168333,180.0,97.875,0.5416666666666666,15.958333333333334,6.333333333333333,1009.75,175.79166666666666,89.20833333333333,1.0416666666666667,1,0.8145833299999998,180.0,180.0,4.910256410256411,0.5074662242237497,0.041666666666666664,0.0
Hexora L3,Nepulan L5 / Hexora L3 / Brown Asteroid L1 / Milky Way L7,40,2.506527415143603,8.14621409921671,423.2148922675497,180.0,98.66666666666667,0.5,17.75,7.75,1044.4583333333333,177.54166666666666,90.5,1.0416666666666667,1,0.8029166599999998,180.0,180.0,5.461538461538462,0.5097394977704764,0.041666666666666664,0.0
Hexora L4,Nepulan L5 / Hexora L4 / Brown Asteroid L1 / Milky Way L7,43,2.4225352112676055,7.873239436619718,431.0881317041694,180.0,100.16666666666667,0.5416666666666666,17.375,7.5,1037,180.25,92.08333333333333,1.0416666666666667,1,0.8124999899999998,180.0,180.0,5.346153846153846,0.5108645399907535,0.041666666666666664,0.0
Hexora L5,Nepulan L5 / Hexora L5 / Brown Asteroid L1 / Milky Way L7,47,2.7050359712230216,8.79136690647482,439.87949861064425,180.0,101,0.6666666666666666,18.375,8.416666666666666,1048.75,183.25,92.66666666666667,1.0833333333333333,1,0.7745833199999999,180.0,180.0,5.653846153846154,0.5056844020009096,0.08333333333333333,0.0
Hexora L6,Nepulan L5 / Hexora L6 / Brown Asteroid L1 / Milky Way L7,50,2.7210884353741496,8.843537414965986,448.7230360256102,180.0,99.625,0.875,18.916666666666668,9,1048.75,181.04166666666666,91.375,1.1666666666666667,1,0.7966666499999999,180.0,180.0,5.82051282051282,0.5047180667433833,0.16666666666666666,0.0
Hexora L7,Nepulan L5 / Hexora L7 / Brown Asteroid L1 / Milky Way L7,54,2.854625550660793,9.277533039647578,458.00056906525776,180.0,101.79166666666667,0.5416666666666666,18.541666666666668,8.5,1051.375,186.83333333333334,93.33333333333333,1.2083333333333333,1,0.7649999799999999,180.0,180.0,5.705128205128205,0.4995539696699375,0.20833333333333334,0.0
Cryon L1,Cryon L1 / Hexora L7 / Brown Asteroid L1 / Milky Way L7,300,16.179775280898877,52.58426966292134,510.5848387281791,180.0,102.5,0.4583333333333333,17.166666666666668,7.25,1035.625,186.45833333333334,93.70833333333333,1.2083333333333333,1,0.7762499799999999,180.0,180.0,5.282051282051282,0.5025698324022346,0.20833333333333334,0.0
Cryon L2,Cryon L2 / Hexora L7 / Brown Asteroid L1 / Milky Way L7,36,2.0970873786407767,6.815533980582525,517.4003727087616,180.0,102.5,0.4583333333333333,17.166666666666668,7.25,1035.625,186.45833333333334,93.70833333333333,1.2083333333333333,1,0.7762499799999999,180.0,180.0,5.282051282051282,0.5025698324022346,0.20833333333333334,0.0
Cryon L3,Cryon L3 / Hexora L7 / Brown Asteroid L1 / Milky Way L7,39,2.2718446601941746,7.383495145631068,524.7838678543926,180.0,102.5,0.4583333333333333,17.166666666666668,7.25,1035.625,186.45833333333334,93.70833333333333,1.2083333333333333,1,0.7762499799999999,180.0,180.0,5.282051282051282,0.5025698324022346,0.20833333333333334,0.0
Cryon L4,Cryon L4 / Hexora L7 / Brown Asteroid L1 / Milky Way L7,42,2.4466019417475726,7.951456310679612,532.7353241650723,180.0,102.5,0.4583333333333333,17.166666666666668,7.25,1035.625,186.45833333333334,93.70833333333333,1.2083333333333333,1,0.7762499799999999,180.0,180.0,5.282051282051282,0.5025698324022346,0.20833333333333334,0.0
Cryon L5,Cryon L5 / Hexora L7 / Brown Asteroid L1 / Milky Way L7,45,2.6213592233009706,8.519417475728156,541.2547416408004,180.0,102.5,0.4583333333333333,17.166666666666668,7.25,1035.625,186.45833333333334,93.70833333333333,1.2083333333333333,1,0.7762499799999999,180.0,180.0,5.282051282051282,0.5025698324022346,0.20833333333333334,0.0
Cryon L6,Cryon L6 / Hexora L7 / Brown Asteroid L1 / Milky Way L7,49,2.8543689320388346,9.276699029126213,550.5314406699266,180.0,102.5,0.4583333333333333,17.166666666666668,7.25,1035.625,186.45833333333334,93.70833333333333,1.2083333333333333,1,0.7762499799999999,180.0,180.0,5.282051282051282,0.5025698324022346,0.20833333333333334,0.0
Cryon L7,Cryon L7 / Hexora L7 / Brown Asteroid L1 / Milky Way L7,53,3.087378640776699,10.033980582524272,560.5654212524508,180.0,102.5,0.4583333333333333,17.166666666666668,7.25,1035.625,186.45833333333334,93.70833333333333,1.2083333333333333,1,0.7762499799999999,180.0,180.0,5.282051282051282,0.5025698324022346,0.20833333333333334,0.0
Cryon L8,Cryon L8 / Hexora L7 / Brown Asteroid L1 / Milky Way L7,57,3.320388349514563,10.79126213592233,571.3566833883732,180.0,102.5,0.4583333333333333,17.166666666666668,7.25,1035.625,186.45833333333334,93.70833333333333,1.2083333333333333,1,0.7762499799999999,180.0,180.0,5.282051282051282,0.5025698324022346,0.20833333333333334,0.0
Lokásit L1,Cryon L8 / Lokásit L1 / Brown Asteroid L1 / Milky Way L7,435,25.339805825242717,82.35436893203884,653.711052320412,180.0,98.70833333333333,0.5416666666666666,17.958333333333332,8,1042.2916666666667,184.83333333333334,90.83333333333333,1.1666666666666667,1,0.7687499999999998,180.0,180.0,5.5256410256410255,0.49143372407574387,0.16666666666666666,0.0
Lokásit L2,Cryon L8 / Lokásit L2 / Brown Asteroid L1 / Milky Way L7,52,2.895591647331787,9.410672853828306,663.1217251742403,180.0,98.875,0.4583333333333333,18.208333333333332,8.166666666666666,1050.625,188.95833333333334,91.20833333333333,1.2916666666666667,1,0.7317857099999998,180.0,180.0,5.602564102564102,0.4826901874310915,0.2916666666666667,0.0
Lokásit L3,Cryon L8 / Lokásit L3 / Brown Asteroid L1 / Milky Way L7,56,3.0755148741418767,9.995423340961098,673.1171485152014,180.0,99.41666666666667,0.25,18.333333333333332,8.25,1062,189.41666666666666,92.125,1.25,1,0.7385714199999998,180.0,180.0,5.641025641025641,0.4863616366036076,0.25,0.0
Lokásit L4,Cryon L8 / Lokásit L4 / Brown Asteroid L1 / Milky Way L7,61,3.3272727272727276,10.813636363636363,683.9307848788378,180.0,99.83333333333333,0.625,16.708333333333332,7,1023.5833333333334,194.54166666666666,91.66666666666667,1.25,1,0.7228571299999997,180.0,180.0,5.1410256410256405,0.4711929749411009,0.25,0.0
Lokásit L5,Cryon L8 / Lokásit L5 / Brown Asteroid L1 / Milky Way L7,66,3.950124688279302,12.837905236907732,696.7686901157456,180.0,100.29166666666667,0.2916666666666667,17.666666666666668,7.666666666666667,1050.9166666666667,185.58333333333334,91.70833333333333,1.1666666666666667,1,0.7533928399999997,180.0,180.0,5.435897435897436,0.4941625505163897,0.16666666666666666,0.0
Lokásit L6,Cryon L8 / Lokásit L6 / Brown Asteroid L1 / Milky Way L7,71,4.018867924528301,13.06132075471698,709.8300108704626,180.0,101.45833333333333,0.375,16.291666666666668,6.416666666666667,1028.1666666666667,193.125,93.41666666666667,1.25,1,0.7251785499999998,180.0,180.0,5.012820512820514,0.48371089536138084,0.25,0.0
Lokásit L7,Cryon L8 / Lokásit L7 / Brown Asteroid L1 / Milky Way L7,76,4.664961636828644,15.161125319693092,724.9911361901557,180.0,101.79166666666667,0.3333333333333333,16.958333333333332,7.083333333333333,1037.25,195.625,94.83333333333333,1.3333333333333333,1,0.7394642599999999,180.0,180.0,5.217948717948717,0.4847710330138445,0.3333333333333333,0.0
Lokásit L8,Cryon L8 / Lokásit L8 / Brown Asteroid L1 / Milky Way L7,83,4.894348894348894,15.906633906633909,740.8977700967896,180.0,102.29166666666667,0.20833333333333334,16.375,6.583333333333333,1036.6666666666667,211.04166666666666,94.625,1.4166666666666667,1,0.7074999699999998,180.0,180.0,5.038461538461538,0.44837117472852916,0.375,0.041666666666666664
Trigon L1,Cryon L8 / Trigon L1 / Brown Asteroid L1 / Milky Way L7,595,36.33587786259542,118.09160305343512,858.9893731502248,180.0,102.5,0.3333333333333333,17.375,7.5,1045.5,199.16666666666666,96.95833333333333,1.25,1,0.7387499999999998,180.0,180.0,5.346153846153846,0.48682008368200835,0.25,0.0
Trigon L2,Cryon L8 / Trigon L2 / Brown Asteroid L1 / Milky Way L7,71,4.086330935251799,13.280575539568346,872.2699486897931,180.0,102.54166666666667,0.25,17.625,7.666666666666667,1051.0416666666667,201.45833333333334,97.25,1.25,1,0.7337499999999998,180.0,180.0,5.423076923076923,0.48273009307135467,0.25,0.0
Trigon L3,Cryon L8 / Trigon L3 / Brown Asteroid L1 / Milky Way L7,77,4.368794326241135,14.198581560283687,886.4685302500768,180.0,104.41666666666667,0.25,16.083333333333332,6.25,1029.2916666666667,206.95833333333334,97.45833333333333,1.3333333333333333,1,0.7062499999999997,180.0,180.0,4.948717948717948,0.4709079927521642,0.3333333333333333,0.0
Trigon L4,Cryon L8 / Trigon L4 / Brown Asteroid L1 / Milky Way L7,83,5.160621761658032,16.772020725388604,903.2405509754655,180.0,104.875,0.041666666666666664,17.708333333333332,7.583333333333333,1066.4166666666667,202.04166666666666,97.125,1.3333333333333333,1,0.6824999999999997,180.0,180.0,5.448717948717949,0.4807176737471644,0.3333333333333333,0.0
Trigon L5,Cryon L8 / Trigon L5 / Brown Asteroid L1 / Milky Way L7,89,5.025882352941177,16.33411764705882,919.5746686225243,180.0,104.20833333333333,0.16666666666666666,17.541666666666668,7.5,1051.5,210.41666666666666,97.79166666666667,1.4583333333333333,1,0.7224999999999997,180.0,180.0,5.397435897435898,0.4647524752475248,0.4583333333333333,0.0
Trigon L6,Cryon L8 / Trigon L6 / Brown Asteroid L1 / Milky Way L7,97,5.529691211401425,17.97149643705463,937.5461650595789,180.0,107.16666666666667,0.16666666666666666,16.875,6.833333333333333,1051.25,204.75,100.16666666666667,1.4583333333333333,1,0.7212499999999997,180.0,180.0,5.1923076923076925,0.48921448921448923,0.4583333333333333,0.0
Trigon L7,Cryon L8 / Trigon L7 / Brown Asteroid L1 / Milky Way L7,104,6.162962962962963,20.02962962962963,957.5757946892086,180.0,106.125,0.16666666666666666,16,6.25,1034.875,214.70833333333334,98.29166666666667,1.625,1,0.7024999999999997,180.0,180.0,4.923076923076923,0.4577915777217155,0.625,0.0
Trigon L8,Cryon L8 / Trigon L8 / Brown Asteroid L1 / Milky Way L7,113,7.0625,22.953125,980.5289196892086,180.0,106.45833333333333,0.25,16.041666666666668,6.25,1036.0416666666667,225.875,100.45833333333333,1.6666666666666667,1,0.6737499999999997,180.0,180.0,4.935897435897436,0.4447518907950562,0.6666666666666666,0.0
Trigon L9,Cryon L8 / Trigon L9 / Brown Asteroid L1 / Milky Way L7,122,7.605194805194805,24.716883116883114,1005.2458028060917,180.0,108.04166666666667,0.25,16.375,6.416666666666667,1039.1666666666667,228.5,101.5,1.7083333333333333,1,0.6674999999999998,180.0,180.0,5.038461538461538,0.4442013129102845,0.7083333333333334,0.0
G.O.-Metria L1,G.O.-Metria L1 / Trigon L9 / Brown Asteroid L1 / Milky Way L7,530,32.36641221374046,105.19083969465649,1110.4366425007481,180.0,108.08333333333333,0.2916666666666667,17.041666666666668,7.083333333333333,1048.375,227.91666666666666,101.58333333333333,1.5833333333333333,1,0.6712499999999997,180.0,180.0,5.2435897435897445,0.4457038391224863,0.5833333333333334,0.0
G.O.-Metria L2,G.O.-Metria L2 / Trigon L9 / Brown Asteroid L1 / Milky Way L7,64,3.755501222493887,12.205378973105132,1122.6420214738532,180.0,108.08333333333333,0.2916666666666667,17.041666666666668,7.083333333333333,1048.375,227.91666666666666,101.58333333333333,1.5833333333333333,1,0.6712499999999997,180.0,180.0,5.2435897435897445,0.4457038391224863,0.5833333333333334,0.0
G.O.-Metria L3,G.O.-Metria L3 / Trigon L9 / Brown Asteroid L1 / Milky Way L7,69,4.048899755501222,13.158924205378971,1135.8009456792322,180.0,108.08333333333333,0.2916666666666667,17.041666666666668,7.083333333333333,1048.375,227.91666666666666,101.58333333333333,1.5833333333333333,1,0.6712499999999997,180.0,180.0,5.2435897435897445,0.4457038391224863,0.5833333333333334,0.0
G.O.-Metria L4,G.O.-Metria L4 / Trigon L9 / Brown Asteroid L1 / Milky Way L7,75,4.400977995110024,14.303178484107576,1150.1041241633397,180.0,108.08333333333333,0.2916666666666667,17.041666666666668,7.083333333333333,1048.375,227.91666666666666,101.58333333333333,1.5833333333333333,1,0.6712499999999997,180.0,180.0,5.2435897435897445,0.4457038391224863,0.5833333333333334,0.0
G.O.-Metria L5,G.O.-Metria L5 / Trigon L9 / Brown Asteroid L1 / Milky Way L7,81,4.753056234718826,15.447432762836183,1165.5515569261759,180.0,108.08333333333333,0.2916666666666667,17.041666666666668,7.083333333333333,1048.375,227.91666666666666,101.58333333333333,1.5833333333333333,1,0.6712499999999997,180.0,180.0,5.2435897435897445,0.4457038391224863,0.5833333333333334,0.0
G.O.-Metria L6,G.O.-Metria L6 / Trigon L9 / Brown Asteroid L1 / Milky Way L7,87,5.105134474327628,16.59168704156479,1182.1432439677405,180.0,108.08333333333333,0.2916666666666667,17.041666666666668,7.083333333333333,1048.375,227.91666666666666,101.58333333333333,1.5833333333333333,1,0.6712499999999997,180.0,180.0,5.2435897435897445,0.4457038391224863,0.5833333333333334,0.0
G.O.-Metria L7,G.O.-Metria L7 / Trigon L9 / Brown Asteroid L1 / Milky Way L7,94,5.515892420537897,17.926650366748163,1200.0698943344887,180.0,108.08333333333333,0.2916666666666667,17.041666666666668,7.083333333333333,1048.375,227.91666666666666,101.58333333333333,1.5833333333333333,1,0.6712499999999997,180.0,180.0,5.2435897435897445,0.4457038391224863,0.5833333333333334,0.0
G.O.-Metria L8,G.O.-Metria L8 / Trigon L9 / Brown Asteroid L1 / Milky Way L7,102,5.985330073349632,19.452322738386304,1219.522217072875,180.0,108.08333333333333,0.2916666666666667,17.041666666666668,7.083333333333333,1048.375,227.91666666666666,101.58333333333333,1.5833333333333333,1,0.6712499999999997,180.0,180.0,5.2435897435897445,0.4457038391224863,0.5833333333333334,0.0
G.O.-Metria L9,G.O.-Metria L9 / Trigon L9 / Brown Asteroid L1 / Milky Way L7,110,6.454767726161369,20.977995110024445,1240.5002121828995,180.0,108.08333333333333,0.2916666666666667,17.041666666666668,7.083333333333333,1048.375,227.91666666666666,101.58333333333333,1.5833333333333333,1,0.6712499999999997,180.0,180.0,5.2435897435897445,0.4457038391224863,0.5833333333333334,0.0
Red Nebula L1,G.O.-Metria L9 / Trigon L9 / Brown Asteroid L1 / Red Nebula L1,175,10.268948655256724,33.37408312958435,1273.8742953124838,180.0,108.29166666666667,0.2916666666666667,19.166666666666668,10.125,963.75,233,101.66666666666667,1.625,1,0.6712499999999997,180.0,180.0,5.897435897435898,0.4363376251788269,0.625,0.0
Red Nebula L2,G.O.-Metria L9 / Trigon L9 / Brown Asteroid L1 / Red Nebula L2,21,1.0956521739130434,3.560869565217391,1277.4351648777013,180.0,108.375,0.2916666666666667,19.625,10.25,983.4166666666666,229.25,101.375,1.5833333333333333,1,0.6762499999999997,180.0,180.0,6.038461538461538,0.44220283533260635,0.5833333333333334,0.0
Red Nebula L3,G.O.-Metria L9 / Trigon L9 / Brown Asteroid L1 / Red Nebula L3,23,1.1719745222929936,3.8089171974522293,1281.2440820751535,180.0,108.25,0.2916666666666667,20.083333333333332,10.5,1007.2083333333334,230.16666666666666,101.66666666666667,1.5833333333333333,1,0.6699999999999997,180.0,180.0,6.17948717948718,0.44170890658942796,0.5833333333333334,0.0
Red Nebula L4,G.O.-Metria L9 / Trigon L9 / Brown Asteroid L1 / Red Nebula L4,24,1.1950207468879668,3.883817427385892,1285.1278995025393,180.0,107.625,0.2916666666666667,20.666666666666668,10.75,1029.4166666666667,225.95833333333334,101,1.5833333333333333,1,0.6724999999999997,180.0,180.0,6.358974358974359,0.4469850636179236,0.5833333333333334,0.0
Red Nebula L5,G.O.-Metria L9 / Trigon L9 / Brown Asteroid L1 / Red Nebula L5,26,1.2580645161290323,4.088709677419355,1289.2166091799586,180.0,108.25,0.25,21.833333333333332,11.75,1060.6666666666667,227.79166666666666,101.41666666666667,1.625,1,0.6824999999999997,180.0,180.0,6.717948717948718,0.44521675507591,0.625,0.0
Red Nebula L6,G.O.-Metria L9 / Trigon L9 / Brown Asteroid L1 / Red Nebula L6,29,1.3282442748091603,4.316793893129771,1293.5334030730883,180.0,107.33333333333333,0.25,22.041666666666668,11.75,1076.6666666666667,221.70833333333334,100.33333333333333,1.5833333333333333,1,0.6974999999999998,180.0,180.0,6.782051282051282,0.45254651381319294,0.5833333333333334,0.0
Red Nebula L7,G.O.-Metria L9 / Trigon L9 / Brown Asteroid L1 / Red Nebula L7,31,1.4064272211720226,4.570888468809073,1298.1042915418973,180.0,107.70833333333333,0.25,22.375,11.875,1097.4166666666667,222.45833333333334,100.54166666666667,1.5833333333333333,1,0.6999999999999997,180.0,180.0,6.884615384615385,0.45195729537366547,0.5833333333333334,0.0
Red Nebula L8,G.O.-Metria L9 / Trigon L9 / Brown Asteroid L1 / Red Nebula L8,33,1.4748603351955307,4.793296089385475,1302.8975876312827,180.0,107.625,0.25,22.666666666666668,12,1119.75,224,100.54166666666667,1.625,1,0.6949999999999997,180.0,180.0,6.9743589743589745,0.4488467261904762,0.625,0.0
Red Nebula L9,G.O.-Metria L9 / Trigon L9 / Brown Asteroid L1 / Red Nebula L9,36,1.588235294117647,5.161764705882353,1308.0593523371651,180.0,107.45833333333333,0.25,23.166666666666668,12.25,1142.5833333333333,221.70833333333334,100.45833333333333,1.5833333333333333,1,0.6987499999999998,180.0,180.0,7.128205128205129,0.45311031760947185,0.5833333333333334,0.0
Zerathis L1,G.O.-Metria L9 / Zerathis L1 / Brown Asteroid L1 / Red Nebula L9,790,34.10071942446043,110.8273381294964,1418.8866904666615,180.0,100.25,0.20833333333333334,22.833333333333332,11.875,1141.5833333333333,216.25,94.45833333333333,1.5416666666666667,1,0.6962499999999997,180.0,180.0,7.0256410256410255,0.43680154142581884,0.5416666666666666,0.0
Zerathis L2,G.O.-Metria L9 / Zerathis L2 / Brown Asteroid L1 / Red Nebula L9,95,4.160583941605839,13.521897810218979,1432.4085882768804,180.0,98.875,0.25,23,12.125,1141,210.79166666666666,93.04166666666667,1.4166666666666667,1,0.7149999999999997,180.0,180.0,7.076923076923077,0.44139157936351064,0.4166666666666667,0.0
Zerathis L3,G.O.-Metria L9 / Zerathis L3 / Brown Asteroid L1 / Red Nebula L9,103,4.478260869565218,14.554347826086957,1446.9629361029674,180.0,102.625,0.2916666666666667,22.541666666666668,11.5,1134.75,229.75,95.95833333333333,1.7083333333333333,1,0.6987499999999998,180.0,180.0,6.935897435897436,0.41766412767500904,0.6666666666666666,0.041666666666666664
Zerathis L4,G.O.-Metria L9 / Zerathis L4 / Brown Asteroid L1 / Red Nebula L9,111,4.924214417744917,16.003696857670977,1462.9666329606384,180.0,103,0.4166666666666667,24.583333333333332,13.5,1152.2916666666667,215.25,95.20833333333333,1.6666666666666667,1,0.7162499999999997,180.0,180.0,7.564102564102564,0.4423151374370886,0.6666666666666666,0.0
Zerathis L5,G.O.-Metria L9 / Zerathis L5 / Brown Asteroid L1 / Red Nebula L9,120,4.88135593220339,15.864406779661017,1478.8310397402995,180.0,103.79166666666667,0.2916666666666667,23.375,12.375,1146.7083333333333,221.08333333333334,96.125,1.625,1,0.6862499999999997,180.0,180.0,7.1923076923076925,0.43479080286468147,0.625,0.0
Zerathis L6,G.O.-Metria L9 / Zerathis L6 / Brown Asteroid L1 / Red Nebula L9,129,5.518716577540107,17.935828877005346,1496.766868617305,180.0,105.08333333333333,0.08333333333333333,26.25,14.875,1188.2916666666667,226.125,97.25,1.6666666666666667,1,0.6849999999999997,180.0,180.0,8.076923076923077,0.4300718629076838,0.6666666666666666,0.0
Zerathis L7,G.O.-Metria L9 / Zerathis L7 / Brown Asteroid L1 / Red Nebula L9,140,5.333333333333333,17.333333333333332,1514.1002019506382,180.0,102.875,0.08333333333333333,24.791666666666668,13.5,1167,216.04166666666666,96.16666666666667,1.625,1,0.6874999999999998,180.0,180.0,7.628205128205129,0.44513018322082937,0.625,0.0
Zerathis L8,G.O.-Metria L9 / Zerathis L8 / Brown Asteroid L1 / Red Nebula L9,151,6.090756302521008,19.794957983193274,1533.8951599338313,180.0,104.33333333333333,0.25,25,13.875,1163.7083333333333,232.91666666666666,98.29166666666667,1.6666666666666667,1,0.6862499999999997,180.0,180.0,7.6923076923076925,0.42200357781753134,0.6666666666666666,0.0
Zerathis L9,G.O.-Metria L9 / Zerathis L9 / Brown Asteroid L1 / Red Nebula L9,163,6.52,21.189999999999998,1555.0851599338314,180.0,104.70833333333333,0.08333333333333333,22.25,11.25,1144.625,239.70833333333334,97.91666666666667,1.7083333333333333,1,0.6674999999999998,180.0,180.0,6.846153846153846,0.40848253085346775,0.7083333333333334,0.0
G.O.-Prism L1,G.O.-Metria L9 / G.O.-Prism L1 / Brown Asteroid L1 / Red Nebula L9,1025,46.06741573033708,149.71910112359552,1704.8042610574269,180.0,106.5,0.08333333333333333,21.083333333333332,10.375,1133.8333333333333,245.41666666666666,99.54166666666667,1.7916666666666667,1,0.6512499999999998,180.0,180.0,6.487179487179487,0.40560271646859086,0.7916666666666666,0.0
G.O.-Prism L2,G.O.-Metria L9 / G.O.-Prism L2 / Brown Asteroid L1 / Red Nebula L9,123,5.83399209486166,18.960474308300395,1723.7647353657273,180.0,106.45833333333333,0.16666666666666666,22.833333333333332,11.75,1155.5,235.70833333333334,99.66666666666667,1.7916666666666667,1,0.6806944399999998,180.0,180.0,7.0256410256410255,0.42283896057981263,0.7916666666666666,0.0
G.O.-Prism L3,G.O.-Metria L9 / G.O.-Prism L3 / Brown Asteroid L1 / Red Nebula L9,133,5.824817518248175,18.93065693430657,1742.695392300034,180.0,109.20833333333333,0.20833333333333334,23.583333333333332,12.375,1162.0833333333333,237.83333333333334,101.41666666666667,1.6666666666666667,1,0.6813888799999999,180.0,180.0,7.256410256410256,0.4264190609670638,0.6666666666666666,0.0
G.O.-Prism L4,G.O.-Metria L9 / G.O.-Prism L4 / Brown Asteroid L1 / Red Nebula L9,143,6.063604240282686,19.70671378091873,1762.4021060809528,180.0,107.83333333333333,0.16666666666666666,22.291666666666668,11.25,1148.5833333333333,244.25,100.5,1.7916666666666667,1,0.6583333199999998,180.0,180.0,6.858974358974359,0.41146366427840325,0.7916666666666666,0.0
G.O.-Prism L5,G.O.-Metria L9 / G.O.-Prism L5 / Brown Asteroid L1 / Red Nebula L9,155,6.953271028037383,22.598130841121495,1785.0002369220742,180.0,112.04166666666667,0.041666666666666664,22.375,11.375,1152.375,251.95833333333334,103.79166666666667,1.75,1,0.6595370199999999,180.0,180.0,6.884615384615385,0.411939804861915,0.7083333333333334,0.041666666666666664
G.O.-Prism L6,G.O.-Metria L9 / G.O.-Prism L6 / Brown Asteroid L1 / Red Nebula L9,167,7.4636871508379885,24.256983240223462,1809.2572201622977,180.0,110.54166666666667,0.08333333333333333,23.625,12.5,1162,246,102.83333333333333,1.7083333333333333,1,0.6504629416666665,180.0,180.0,7.269230769230769,0.41802168021680214,0.6666666666666666,0.041666666666666664
G.O.-Prism L7,G.O.-Metria L9 / G.O.-Prism L7 / Brown Asteroid L1 / Red Nebula L9,181,7.661375661375661,24.8994708994709,1834.1566910617687,180.0,109.125,0.041666666666666664,24.625,13.375,1177.0833333333333,257.875,102.20833333333333,2,1,0.6313888633333332,180.0,180.0,7.576923076923077,0.3963483599935369,0.9166666666666666,0.08333333333333333
G.O.-Prism L8,G.O.-Metria L9 / G.O.-Prism L8 / Brown Asteroid L1 / Red Nebula L9,195,7.918781725888325,25.736040609137056,1859.8927316709057,180.0,108.79166666666667,0.041666666666666664,23.708333333333332,12.5,1164.2916666666667,246.54166666666666,101.08333333333333,1.7916666666666667,1,0.6510647849999999,180.0,180.0,7.294871794871795,0.4100050701368937,0.75,0.041666666666666664
G.O.-Prism L9,G.O.-Metria L9 / G.O.-Prism L9 / Brown Asteroid L1 / Red Nebula L9,211,8.899824253075572,28.924428822495607,1888.8171604934014,180.0,114,0.041666666666666664,22.25,11.25,1155.4166666666667,264.9166666666667,105.79166666666667,1.9583333333333333,1,0.6380555199999998,180.0,180.0,6.846153846153846,0.39933941491034913,0.875,0.08333333333333333
G.O.-Prism L10,G.O.-Metria L9 / G.O.-Prism L10 / Brown Asteroid L1 / Red Nebula L9,228,10.247191011235955,33.30337078651686,1922.1205312799182,180.0,112.91666666666667,0.125,22.291666666666668,11.25,1153.875,289.4166666666667,105.625,2.125,1,0.5887499649999998,180.0,180.0,6.858974358974359,0.3649582493521451,0.9166666666666666,0.20833333333333334
Nyxora L1,Nyxora L1 / G.O.-Prism L10 / Brown Asteroid L1 / Red Nebula L9,675,30.280373831775698,98.41121495327103,2020.531746233189,180.0,112.125,0.125,21.458333333333332,10.5,1144.8333333333333,297.4583333333333,105.625,2.1666666666666665,1,0.5874999649999998,180.0,180.0,6.602564102564102,0.3550917495447542,0.9166666666666666,0.25
Nyxora L2,Nyxora L2 / G.O.-Prism L10 / Brown Asteroid L1 / Red Nebula L9,81,3.774757281553398,12.267961165048545,2032.7997073982376,180.0,112.125,0.125,21.458333333333332,10.5,1144.8333333333333,297.4583333333333,105.625,2.1666666666666665,1,0.5874999649999998,180.0,180.0,6.602564102564102,0.3550917495447542,0.9166666666666666,0.25
Nyxora L3,Nyxora L3 / G.O.-Prism L10 / Brown Asteroid L1 / Red Nebula L9,87,4.054368932038835,13.176699029126214,2045.9764064273638,180.0,112.125,0.125,21.458333333333332,10.5,1144.8333333333333,297.4583333333333,105.625,2.1666666666666665,1,0.5874999649999998,180.0,180.0,6.602564102564102,0.3550917495447542,0.9166666666666666,0.25
Nyxora L4,Nyxora L4 / G.O.-Prism L10 / Brown Asteroid L1 / Red Nebula L9,94,4.380582524271845,14.236893203883495,2060.2132996312475,180.0,112.125,0.125,21.458333333333332,10.5,1144.8333333333333,297.4583333333333,105.625,2.1666666666666665,1,0.5874999649999998,180.0,180.0,6.602564102564102,0.3550917495447542,0.9166666666666666,0.25
Nyxora L5,Nyxora L5 / G.O.-Prism L10 / Brown Asteroid L1 / Red Nebula L9,102,4.753398058252428,15.44854368932039,2075.661843320568,180.0,112.125,0.125,21.458333333333332,10.5,1144.8333333333333,297.4583333333333,105.625,2.1666666666666665,1,0.5874999649999998,180.0,180.0,6.602564102564102,0.3550917495447542,0.9166666666666666,0.25
Nyxora L6,Nyxora L6 / G.O.-Prism L10 / Brown Asteroid L1 / Red Nebula L9,110,5.12621359223301,16.660194174757283,2092.3220374953253,180.0,112.125,0.125,21.458333333333332,10.5,1144.8333333333333,297.4583333333333,105.625,2.1666666666666665,1,0.5874999649999998,180.0,180.0,6.602564102564102,0.3550917495447542,0.9166666666666666,0.25
Nyxora L7,Nyxora L7 / G.O.-Prism L10 / Brown Asteroid L1 / Red Nebula L9,119,5.545631067961166,18.023300970873787,2110.345338466199,180.0,112.125,0.125,21.458333333333332,10.5,1144.8333333333333,297.4583333333333,105.625,2.1666666666666665,1,0.5874999649999998,180.0,180.0,6.602564102564102,0.3550917495447542,0.9166666666666666,0.25
Nyxora L8,Nyxora L8 / G.O.-Prism L10 / Brown Asteroid L1 / Red Nebula L9,129,6.011650485436894,19.537864077669905,2129.8832025438687,180.0,112.125,0.125,21.458333333333332,10.5,1144.8333333333333,297.4583333333333,105.625,2.1666666666666665,1,0.5874999649999998,180.0,180.0,6.602564102564102,0.3550917495447542,0.9166666666666666,0.25
Nyxora L9,Nyxora L9 / G.O.-Prism L10 / Brown Asteroid L1 / Red Nebula L9,139,6.477669902912622,21.05242718446602,2150.935629728335,180.0,112.125,0.125,21.458333333333332,10.5,1144.8333333333333,297.4583333333333,105.625,2.1666666666666665,1,0.5874999649999998,180.0,180.0,6.602564102564102,0.3550917495447542,0.9166666666666666,0.25
Nyxora L10,Nyxora L10 / G.O.-Prism L10 / Brown Asteroid L1 / Red Nebula L9,150,6.990291262135923,22.71844660194175,2173.6540763302764,180.0,112.125,0.125,21.458333333333332,10.5,1144.8333333333333,297.4583333333333,105.625,2.1666666666666665,1,0.5874999649999998,180.0,180.0,6.602564102564102,0.3550917495447542,0.9166666666666666,0.25
G.O.-Laxy L1,Nyxora L10 / G.O.-Prism L10 / Brown Asteroid L1 / G.O.-Laxy L1,245,11.41747572815534,37.10679611650485,2210.7608724467814,180.0,112.375,0.08333333333333333,17.75,8.375,984.7916666666666,280.7083333333333,103.66666666666667,2,1,0.6104166283333331,180.0,180.0,5.461538461538462,0.36930384444114595,0.9166666666666666,0.08333333333333333
G.O.-Laxy L2,Nyxora L10 / G.O.-Prism L10 / Brown Asteroid L1 / G.O.-Laxy L2,29,1.6338028169014085,5.309859154929577,2216.070731601711,180.0,111.91666666666667,0.08333333333333333,18.75,9.125,1014.5416666666666,277.0416666666667,103.70833333333333,2,1,0.6087499599999998,180.0,180.0,5.769230769230769,0.3743420063167393,0.9166666666666666,0.08333333333333333
G.O.-Laxy L3,Nyxora L10 / G.O.-Prism L10 / Brown Asteroid L1 / G.O.-Laxy L3,31,1.6533333333333333,5.373333333333333,2221.4440649350445,180.0,111.75,0.08333333333333333,18.916666666666668,9.125,1035.7083333333333,281.4166666666667,103.70833333333333,2.0416666666666665,1,0.6062499599999998,180.0,180.0,5.82051282051282,0.3685223571217056,0.9166666666666666,0.125
G.O.-Laxy L4,Nyxora L10 / G.O.-Prism L10 / Brown Asteroid L1 / G.O.-Laxy L4,34,1.7973568281938326,5.8414096916299565,2227.2854746266744,180.0,111.41666666666667,0.08333333333333333,19.833333333333332,9.75,1063.1666666666667,281.1666666666667,103.45833333333333,2.0416666666666665,1,0.6054166283333331,180.0,180.0,6.102564102564102,0.36796087729697685,0.875,0.16666666666666666
G.O.-Laxy L5,Nyxora L10 / G.O.-Prism L10 / Brown Asteroid L1 / G.O.-Laxy L5,37,1.865546218487395,6.063025210084034,2233.3484998367585,180.0,111.125,0.08333333333333333,20.75,10.25,1093.0833333333333,286.875,104,2.0833333333333335,1,0.5995832966666664,180.0,180.0,6.384615384615385,0.3625272331154684,0.9166666666666666,0.16666666666666666
G.O.-Laxy L6,Nyxora L10 / G.O.-Prism L10 / Brown Asteroid L1 / G.O.-Laxy L6,39,1.8795180722891567,6.108433734939759,2239.4569335716983,180.0,112.04166666666667,0.125,21.5,10.75,1121.75,295.4583333333333,105.54166666666667,2.125,1,0.5874999649999998,180.0,180.0,6.615384615384615,0.35721336905937107,0.9166666666666666,0.20833333333333334
G.O.-Laxy L7,Nyxora L10 / G.O.-Prism L10 / Brown Asteroid L1 / G.O.-Laxy L7,43,2.0,6.5,2245.9569335716983,180.0,112.20833333333333,0.125,22.583333333333332,11.5,1153.7916666666667,292.7083333333333,105.375,2.1666666666666665,1,0.5887499649999998,180.0,180.0,6.948717948717949,0.36000000000000004,0.9166666666666666,0.25
G.O.-Laxy L8,Nyxora L10 / G.O.-Prism L10 / Brown Asteroid L1 / G.O.-Laxy L8,46,2.03690036900369,6.619926199261992,2252.5768597709603,180.0,111.66666666666667,0.16666666666666666,24.458333333333332,13.125,1188.0833333333333,286.2916666666667,105.29166666666667,2.0833333333333335,1,0.5970832966666665,180.0,180.0,7.5256410256410255,0.3677776160675302,0.875,0.20833333333333334
G.O.-Laxy L9,Nyxora L10 / G.O.-Prism L10 / Brown Asteroid L1 / G.O.-Laxy L9,50,2.044293015332198,6.6439522998296425,2259.22081207079,180.0,113.875,0.16666666666666666,24.875,13.25,1216.0416666666667,285.8333333333333,106.66666666666667,2.125,1,0.6008332966666665,180.0,180.0,7.653846153846154,0.3731778425655977,0.9166666666666666,0.20833333333333334
G.O.-Laxy L10,Nyxora L10 / G.O.-Prism L10 / Brown Asteroid L1 / G.O.-Laxy L10,54,2.170854271356784,7.055276381909548,2266.2760884526997,180.0,113.45833333333333,0.20833333333333334,25.916666666666668,13.875,1246.9583333333333,284.4166666666667,106.625,2.125,1,0.6020832966666665,180.0,180.0,7.9743589743589745,0.37489012598886606,0.9166666666666666,0.20833333333333334
