checkpoint,build,seconds,kills,impacts,coins,direct_coins,score,shots,hits,max_emitters,capped,final_interval,p10_seconds,p90_seconds,coins_per_minute,hit_rate,double_rate,triple_rate
"Früh: Solaris ausgebaut, Brown L1",Ered L3 / Solaris-C1 L3 / Brown Asteroid L1 / Stars L3,158.21875,74.91666666666667,4.791666666666667,8.291666666666666,2.1666666666666665,666.875,126.75,68.79166666666667,1,0.625,1.0949999999999998,101.65,180.0,2.8720909254916105,0.5427350427350428,0.0,0.0
Zu früher Wechsel auf Ice L1,Ered L3 / Solaris-C1 L3 / Ice Asteroids L1 / Stars L3,26.364583333333332,4.791666666666667,5.333333333333333,1.125,0.125,72.16666666666667,19,11.791666666666666,1,0,1.28375,20.35,32.05,1.6318307731050115,0.6206140350877193,0.0,0.0
"Orion ausgebaut, Brown L3",Ered L3 / Orion L5 / Brown Asteroid L3 / Stars L3,99.62291666666667,51.958333333333336,6.666666666666667,6.833333333333333,1.6666666666666667,557.5416666666666,80.58333333333333,47.25,1,0.041666666666666664,1.1137499999999998,55.5,167.4,3.576946145876879,0.5863495346432265,0.0,0.0
"Orion ausgebaut, Ice L1",Ered L3 / Orion L5 / Ice Asteroids L1 / Stars L3,90.35416666666667,46.125,6.333333333333333,7.208333333333333,1.2083333333333333,653.5,72.95833333333333,41.791666666666664,1,0.08333333333333333,1.1075,40.25,144.8,4.105200711884517,0.5728155339805825,0.0,0.0
"Mitte: Aurion/Nepulan/Milky Way ausgebaut, Ice L1",Nepulan L5 / Aurion L6 / Ice Asteroids L1 / Milky Way L7,180.0,92.16666666666667,5.916666666666667,22.875,7.333333333333333,1609.75,167.08333333333334,86.20833333333333,1,1,0.9099999999999997,180.0,180.0,7.038461538461538,0.5159600997506234,0.0,0.0
"Derselbe Build, Crystal L1",Nepulan L5 / Aurion L6 / Crystal Asteroids L1 / Milky Way L7,53.33541666666667,13.166666666666666,5.625,5.041666666666667,1.75,378.9166666666667,44.208333333333336,27.458333333333332,1,0,1.07625,32.95,69.45,4.4266943081003625,0.6211121583411875,0.0,0.0
"Inferna/Nepulan/Milky Way ausgebaut, Crystal L1",Nepulan L5 / Inferna L5 / Crystal Asteroids L1 / Milky Way L7,58.50208333333333,17.833333333333332,5.291666666666667,8.083333333333334,3.125,547.0416666666666,31.25,17.375,1,0,1.71,41.25,77.85,6.598452424817892,0.556,0.0,0.0
"Spät: Hexora/Cryon/Red Nebula ausgebaut, Crystal L1",Cryon L8 / Hexora L7 / Crystal Asteroids L1 / Red Nebula L9,165.83958333333334,92.08333333333333,10.458333333333334,41.208333333333336,15,2676.625,164.5,86.25,1,0.7083333333333334,0.8537499799999999,131.75,180.0,13.672338513645842,0.5243161094224924,0.0,0.0
"Derselbe Build, G.O.-Terids L1",Cryon L8 / Hexora L7 / G.O.-Terids L1 / Red Nebula L9,54.93958333333333,11.375,7.916666666666667,8.875,3.1666666666666665,630,50.666666666666664,26.5,1,0,0.97499998,43.8,75.15,7.613714217628311,0.5230263157894737,0.0,0.0
