enemy,level,build,seconds,kills,impacts,coins,direct_coins,score,shots,hits,max_emitters,capped,final_interval,p10_seconds,p90_seconds,coins_per_minute,hit_rate,double_rate,triple_rate
Brown Asteroid,1,Nyxora L10 / G.O.-Prism L10 / Brown Asteroid L1 / G.O.-Laxy L10,180.0,113.45833333333333,0.20833333333333334,25.916666666666668,13.875,1246.9583333333333,284.4166666666667,106.625,2.125,1,0.6020833241666664,180.0,180.0,7.9743589743589745,0.37489012598886606,0.9166666666666666,0.20833333333333334
Brown Asteroid,2,Nyxora L10 / G.O.-Prism L10 / Brown Asteroid L2 / G.O.-Laxy L10,180.0,122.54166666666667,0.5,28.541666666666668,14.125,1490.1666666666667,284.875,115.58333333333333,2.0833333333333335,1,0.6241666570833331,180.0,180.0,8.782051282051283,0.40573350884891035,0.9166666666666666,0.16666666666666666
Brown Asteroid,3,Nyxora L10 / G.O.-Prism L10 / Brown Asteroid L3 / G.O.-Laxy L10,180.0,130.91666666666666,1.375,32.291666666666664,15.125,1758.2083333333333,280.2916666666667,119.79166666666667,2,1,0.6174999912499998,180.0,180.0,9.935897435897434,0.4273821911699123,0.875,0.125
Ice Asteroids,1,Nyxora L10 / G.O.-Prism L10 / Ice Asteroids L1 / G.O.-Laxy L10,180.0,128.875,1.5416666666666667,38.708333333333336,16,2323.5833333333335,287.75,121.79166666666667,1.9583333333333333,1,0.6070833241666664,180.0,180.0,11.91025641025641,0.4232551404575731,0.7916666666666666,0.16666666666666666
Ice Asteroids,2,Nyxora L10 / G.O.-Prism L10 / Ice Asteroids L2 / G.O.-Laxy L10,180.0,127.45833333333333,2.9583333333333335,39.666666666666664,14.375,2559.4583333333335,262.875,117.625,1.7916666666666667,1,0.6491666570833331,180.0,180.0,12.205128205128204,0.4474560152163576,0.75,0.041666666666666664
Ice Asteroids,3,Nyxora L10 / G.O.-Prism L10 / Ice Asteroids L3 / G.O.-Laxy L10,180.0,124.33333333333333,5.791666666666667,39.458333333333336,12.875,2697.375,250.54166666666666,116.25,1.6666666666666667,1,0.6579166570833331,180.0,180.0,12.14102564102564,0.46399467819723933,0.5416666666666666,0.125
Ice Asteroids,4,Nyxora L10 / G.O.-Prism L10 / Ice Asteroids L4 / G.O.-Laxy L10,180.0,121.41666666666667,8.333333333333334,46.125,17.125,2951.75,227.04166666666666,114.08333333333333,1.5,1,0.6924999899999997,180.0,180.0,14.192307692307692,0.502477518810791,0.5,0.0
Crystal Asteroids,1,Nyxora L10 / G.O.-Prism L10 / Crystal Asteroids L1 / G.O.-Laxy L10,180.0,122.58333333333333,8.75,55.333333333333336,20.166666666666668,3559.9583333333335,227.54166666666666,116.54166666666667,1.5416666666666667,1,0.6737499899999998,180.0,180.0,17.025641025641026,0.5121772569126534,0.5,0.041666666666666664
Crystal Asteroids,2,Nyxora L10 / G.O.-Prism L10 / Crystal Asteroids L2 / G.O.-Laxy L10,180.0,122.125,11.666666666666666,59.708333333333336,20.166666666666668,3998.0833333333335,219.16666666666666,112.58333333333333,1.5,1,0.6787499899999998,180.0,180.0,18.371794871794872,0.5136882129277567,0.5,0.0
Crystal Asteroids,3,Nyxora L10 / G.O.-Prism L10 / Crystal Asteroids L3 / G.O.-Laxy L10,180.0,110.54166666666667,16.458333333333332,64.5,22.5,4242.083333333333,202.625,104.95833333333333,1.25,1,0.7162499899999998,180.0,180.0,19.846153846153847,0.5179930084310096,0.25,0.0
Crystal Asteroids,4,Nyxora L10 / G.O.-Prism L10 / Crystal Asteroids L4 / G.O.-Laxy L10,135.03333333333333,39.166666666666664,20.291666666666668,31.375,11.166666666666666,2069.5833333333335,143.5,83.83333333333333,1.125,0.041666666666666664,0.7824999899999998,110.5,164.1,12.547211730726506,0.5842044134727061,0.125,0.0
Crystal Asteroids,5,Nyxora L10 / G.O.-Prism L10 / Crystal Asteroids L5 / G.O.-Laxy L10,118.97916666666667,30.333333333333332,20.291666666666668,25.708333333333332,9.166666666666666,1684.0833333333333,121.41666666666667,69.33333333333333,1,0,0.7949999899999999,101.25,131.55,11.51298398382833,0.5710363761153053,0.0,0.0
G.O.-Terids,1,Nyxora L10 / G.O.-Prism L10 / G.O.-Terids L1 / G.O.-Laxy L10,178.34375,94.70833333333333,18.708333333333332,74.125,18.666666666666668,5600.708333333333,205.95833333333334,89.375,1.3333333333333333,0.8333333333333334,0.7137499899999998,176.9,180.0,23.003070955228704,0.43394699575156787,0.3333333333333333,0.0
G.O.-Terids,2,Nyxora L10 / G.O.-Prism L10 / G.O.-Terids L2 / G.O.-Laxy L10,133.20208333333332,33.791666666666664,21.333333333333332,31.333333333333332,7.5,2434.625,142.16666666666666,73.41666666666667,1,0,0.7974999899999999,109.6,167.2,12.685381728214573,0.5164126611957797,0.0,0.0
G.O.-Terids,3,Nyxora L10 / G.O.-Prism L10 / G.O.-Terids L3 / G.O.-Laxy L10,107.94791666666667,24.583333333333332,19.041666666666668,24.125,5,1953.75,112.41666666666667,55.875,1,0,0.8024999899999998,94.45,122.85,11.773277980174532,0.49703484062268344,0.0,0.0
G.O.-Terids,4,Nyxora L10 / G.O.-Prism L10 / G.O.-Terids L4 / G.O.-Laxy L10,66.73125,13.75,12.916666666666666,15.5,4,1195.2083333333333,67.625,32.583333333333336,1,0,0.8349999899999999,55.1,78.85,11.378756595549438,0.4818237831176833,0.0,0.0
G.O.-Terids,5,Nyxora L10 / G.O.-Prism L10 / G.O.-Terids L5 / G.O.-Laxy L10,59.489583333333336,11.583333333333334,12.833333333333334,14.958333333333334,4.166666666666667,1126.875,60.75,29.291666666666668,1,0,0.82749999,48.05,71.05,12.048664522444412,0.4821673525377229,0.0,0.0
G.O.-Terids,6,Nyxora L10 / G.O.-Prism L10 / G.O.-Terids L6 / G.O.-Laxy L10,50.15625,8,12.75,9.25,2,774.5,49.541666666666664,22.041666666666668,1,0,0.8349999899999999,41.2,58.6,8.517985611510792,0.4449116904962154,0.0,0.0
