weapon,weapon_id,weapon_level,enemy,enemy_id,enemy_level,hp,damage,hits_needed,rotation,projectile,interval,ideal_single_emitter_load,seconds,kills,impacts,coins,direct_coins,score,shots,hits,max_emitters,capped,final_interval,p10_seconds,p90_seconds,coins_per_minute,hit_rate,double_rate,triple_rate
Solaris-C1,1,1,Brown Asteroid,1,1,1,1,1,55.0,1.125,1.6,0.7272727272727273,87.28333333333333,31.583333333333332,6,3.4166666666666665,0.9166666666666666,289.1666666666667,54.125,29.25,1,0.041666666666666664,1.495,57.55,113.75,2.004236597686166,0.5404157043879908,0.0,0.0
Solaris-C1,1,3,Brown Asteroid,1,1,1,2,1,75.0,1.5,1.3,0.5909090909090908,158.21875,74.91666666666667,4.791666666666667,8.291666666666666,2.1666666666666665,666.875,126.75,68.79166666666667,1,0.625,1.0949999999999998,101.65,180.0,2.8720909254916105,0.5427350427350428,0.0,0.0
Hypron,2,1,Brown Asteroid,1,1,1,1,1,56.25,1.275,1.8,0.8181818181818181,74.24375,25.125,6.166666666666667,3.0416666666666665,0.9583333333333334,237.08333333333334,40.5,23.208333333333332,1,0.041666666666666664,1.7225,44.75,109.75,2.044961131731914,0.5730452674897119,0.0,0.0
Hypron,2,3,Brown Asteroid,1,1,1,2,1,78.0,1.65,1.4,0.6363636363636362,153.66458333333333,72.29166666666667,5,8,2.125,642.2083333333334,113.70833333333333,67.20833333333333,1,0.5833333333333334,1.1924999999999997,97.1,180.0,2.8458849541125755,0.5910589959692195,0.0,0.0
Vanguard,3,1,Brown Asteroid,1,1,1,2,1,54.375,1.425,1.9,0.8636363636363635,65.55833333333334,21,5.583333333333333,2.0833333333333335,0.5833333333333334,188.70833333333334,33.75,18.875,1,0,1.815,41.55,82.3,1.551670632047171,0.5592592592592592,0.0,0.0
Vanguard,3,4,Brown Asteroid,1,1,1,3,1,80.00000001000001,1.85000001,1.50000001,0.6818181863636363,147.71875,68.45833333333333,5.291666666666667,7.208333333333333,1.7083333333333333,602.5,102.625,62.041666666666664,1,0.5,1.2725000099999997,82.3,180.0,2.657960437872095,0.6045473000406009,0.0,0.0
Orion,4,1,Brown Asteroid,1,1,1,2,1,61.875,1.5,1.6,0.7272727272727273,111.17708333333333,45.541666666666664,6.583333333333333,4.583333333333333,1.0833333333333333,399.6666666666667,70.29166666666667,40.666666666666664,1,0.041666666666666664,1.45625,64.0,162.95,2.1794765953933792,0.5785417901600474,0.0,0.0
Orion,4,5,Brown Asteroid,1,1,1,3,1,88.0,2.0,1.25,0.5681818181818181,173.2375,89.54166666666667,2.2916666666666665,9.125,1.9583333333333333,762.2916666666666,146.54166666666666,80.45833333333333,1.0416666666666667,0.875,0.9574999999999998,147.4,180.0,2.908559665316422,0.5490474836508388,0.041666666666666664,0.0
Inferna,5,1,Brown Asteroid,1,1,1,3,1,54.375,1.275,2.25,1.0227272727272727,53.02291666666667,14.375,5.666666666666667,1.8333333333333333,0.5833333333333334,136.16666666666666,22.791666666666668,13.5,1,0,2.2062500000000003,31.55,74.0,1.6171020795687725,0.5923217550274222,0.0,0.0
Inferna,5,5,Brown Asteroid,1,1,1,5,1,78.0,1.75,1.75,0.7954545454545454,99.83541666666666,39.75,6.083333333333333,5,1.6666666666666667,368.9166666666667,56.666666666666664,35.541666666666664,1,0.08333333333333333,1.625,49.45,133.75,2.6124344623646163,0.6272058823529412,0.0,0.0
Aurion,6,1,Brown Asteroid,1,1,1,2,1,65.625,1.65,1.45,0.6590909090909091,134.59791666666666,60.625,6.458333333333333,6.458333333333333,1.7083333333333333,524.4583333333334,95.79166666666667,54.416666666666664,1,0.20833333333333334,1.2874999999999999,69.15,180.0,2.59027671396939,0.5680730752501086,0.0,0.0
Aurion,6,6,Brown Asteroid,1,1,1,4,1,92.0,2.2,1.0999999999999999,0.4999999999999999,177.66458333333333,98.5,1.5416666666666667,9.416666666666666,2,791.6666666666666,174.125,87.95833333333333,1.125,0.9166666666666666,0.8087499999999996,180.0,180.0,2.932557661739422,0.5051447714764298,0.125,0.0
Crimsonex,7,1,Brown Asteroid,1,1,1,4,1,60.0,1.425,2.125,0.9659090909090908,52.15625,14.583333333333334,5.333333333333333,1.7083333333333333,0.4583333333333333,131.95833333333334,23.625,13.541666666666666,1,0,2.0762500000000004,35.5,83.55,1.526291298278269,0.5731922398589065,0.0,0.0
Crimsonex,7,6,Brown Asteroid,1,1,1,6,1,85.0,2.0,1.6,0.7272727272727273,126.82708333333333,55.833333333333336,6.125,5.666666666666667,1.4166666666666667,483,79.625,49.916666666666664,1,0.20833333333333334,1.4449999999999998,84.15,180.0,2.3972854267961274,0.6268969126111983,0.0,0.0
Hexora,8,1,Brown Asteroid,1,1,1,3,1,71.25,1.725,1.25,0.5681818181818181,155.07916666666668,77,4.875,7.541666666666667,1.7083333333333333,641.3333333333334,130.33333333333334,69.08333333333333,1,0.5,1.0199999999999998,85.05,180.0,2.6605257355643204,0.5300511508951405,0.0,0.0
Hexora,8,7,Brown Asteroid,1,1,1,5,1,100.00000002,2.35000002,0.99999998,0.45454544545454545,180.0,103.95833333333333,0.4583333333333333,9.875,2.2083333333333335,821.25,197.79166666666666,93.45833333333333,1.25,1,0.7387499799999998,180.0,180.0,3.0384615384615383,0.47250895302296186,0.25,0.0
Lokásit,9,1,Brown Asteroid,1,1,1,4,1,65.625,1.6875,1.75,0.7954545454545454,86.88333333333333,33.083333333333336,6.125,3.2916666666666665,0.9166666666666666,289.5833333333333,49.041666666666664,29.541666666666668,1,0,1.66,50.5,132.25,1.9384917389170622,0.6023789294817333,0.0,0.0
Lokásit,9,8,Brown Asteroid,1,1,1,7,1,94.00000001000001,2.3,1.34999998,0.6136363545454545,171.11041666666668,87.125,3.8333333333333335,8.583333333333334,1.7083333333333333,725.5833333333334,133.70833333333334,79.16666666666667,1,0.875,1.0912499799999997,147.75,180.0,2.7671745043824787,0.5920847616079775,0.0,0.0
Trigon,10,1,Brown Asteroid,1,1,1,4,1,78.75,1.95,1.15,0.5227272727272726,176.88541666666666,94.125,2.625,9.666666666666666,2.25,784.7916666666666,164.875,86.04166666666667,1.0416666666666667,0.9166666666666666,0.8724999999999996,180.0,180.0,3.0226372075348786,0.5218599949456659,0.041666666666666664,0.0
Trigon,10,9,Brown Asteroid,1,1,1,6,1,110.0,2.65,0.8999999999999999,0.409090909090909,180.0,110.29166666666667,0.16666666666666666,10.5,2.625,844.4166666666666,266.375,102.58333333333333,2,1,0.610833333333333,180.0,180.0,3.230769230769231,0.3851087126544658,0.9583333333333334,0.041666666666666664
Zerathis,11,1,Brown Asteroid,1,1,1,5,1,71.25,1.875,1.65,0.7499999999999999,116.47291666666666,48.5,6.5,5.041666666666667,1.2083333333333333,426.9166666666667,72,42.791666666666664,1,0.041666666666666664,1.4787499999999998,46.95,171.15,2.300854104932892,0.5943287037037037,0.0,0.0
Zerathis,11,9,Brown Asteroid,1,1,1,8,1,103.0,2.5,1.25,0.5681818181818181,179.39166666666668,96.875,2.8333333333333335,10,2.5,800.5833333333334,152.70833333333334,88.91666666666667,1,0.9583333333333334,0.9612499999999997,180.0,180.0,3.0865520641316926,0.5822646657571623,0.0,0.0
G.O.-Prism,12,1,Brown Asteroid,1,1,1,5,1,82.5,2.0625,1.2,0.5454545454545454,180.0,96.66666666666667,3.5416666666666665,9.958333333333334,2.4583333333333335,793.9166666666666,158,85.875,1,1,0.9512499999999997,180.0,180.0,3.0641025641025643,0.5435126582278481,0.0,0.0
G.O.-Prism,12,10,Brown Asteroid,1,1,1,9,1,114.99999998999999,2.79999996,0.8499999899999999,0.38636363181818173,180.0,114.04166666666667,0,10.166666666666666,2.2916666666666665,842.625,306.7083333333333,104.625,2.2916666666666665,1,0.567916658333333,180.0,180.0,3.128205128205128,0.3411221301453607,1.0,0.2916666666666667
Solaris-C1,1,1,Brown Asteroid,1,3,3,1,3,55.0,1.125,1.6,2.5263157894736845,21.020833333333332,1.5416666666666667,5,1.0416666666666667,0.041666666666666664,17.333333333333332,12.083333333333334,7.833333333333333,1,0,1.59375,19.3,23.05,1.7351069982648935,0.6482758620689655,0.0,0.0
Solaris-C1,1,3,Brown Asteroid,1,3,3,2,2,75.0,1.5,1.3,1.368421052631579,28.989583333333332,6.333333333333333,5.125,1.2083333333333333,0.16666666666666666,67.95833333333333,20.75,13.625,1,0,1.2850000000000001,23.5,32.2,1.648117452048307,0.6566265060240963,0.0,0.0
Hypron,2,1,Brown Asteroid,1,3,3,1,3,56.25,1.275,1.8,2.8421052631578947,20.572916666666668,1.125,5,0.9166666666666666,0.041666666666666664,13.75,10.666666666666666,7,1,0,1.7962500000000001,18.55,21.95,1.5461200585651536,0.65625,0.0,0.0
Hypron,2,3,Brown Asteroid,1,3,3,2,2,78.0,1.65,1.4,1.4736842105263155,27.827083333333334,5.375,5.25,1.2083333333333333,0.20833333333333334,59.208333333333336,18.458333333333332,12.333333333333334,1,0,1.3849999999999998,23.2,37.6,1.6928540156637641,0.6681715575620768,0.0,0.0
Vanguard,3,1,Brown Asteroid,1,3,3,2,2,54.375,1.425,1.9,1.9999999999999998,24.377083333333335,3.0416666666666665,5.125,1.0416666666666667,0.041666666666666664,34.333333333333336,12,7.541666666666667,1,0,1.8812499999999999,20.2,31.65,1.5872176075339932,0.6284722222222222,0.0,0.0
Vanguard,3,4,Brown Asteroid,1,3,3,3,1,80.00000001000001,1.85000001,1.50000001,0.7894736894736841,65.46041666666667,27.416666666666668,6.25,3.5416666666666665,0.8333333333333334,303.5833333333333,42.5,25.083333333333332,1,0,1.4112500099999998,39.8,90.25,2.6410502058465597,0.5901960784313726,0.0,0.0
Orion,4,1,Brown Asteroid,1,3,3,2,2,61.875,1.5,1.6,1.6842105263157894,25.079166666666666,3.7083333333333335,5.125,1.0833333333333333,0.08333333333333333,41.041666666666664,14.583333333333334,8.875,1,0,1.5875000000000001,20.3,30.8,1.6217902068822123,0.6085714285714285,0.0,0.0
Orion,4,5,Brown Asteroid,1,3,3,3,1,88.0,2.0,1.25,0.6578947368421052,99.62291666666667,51.958333333333336,6.666666666666667,6.833333333333333,1.6666666666666667,557.5416666666666,80.58333333333333,47.25,1,0.041666666666666664,1.1137499999999998,55.5,167.4,3.576946145876879,0.5863495346432265,0.0,0.0
Inferna,5,1,Brown Asteroid,1,3,3,3,1,54.375,1.275,2.25,1.1842105263157894,41.79375,12.875,5.833333333333333,1.7083333333333333,0.375,144.95833333333334,17.958333333333332,11,1,0,2.21625,27.75,63.9,1.8047760537030921,0.6125290023201857,0.0,0.0
Inferna,5,5,Brown Asteroid,1,3,3,5,1,78.0,1.75,1.75,0.9210526315789473,49.02291666666667,18.125,5.916666666666667,1.875,0.2916666666666667,190.70833333333334,27.166666666666668,17.041666666666668,1,0,1.6949999999999998,31.2,72.7,1.757183300250561,0.6273006134969326,0.0,0.0
Aurion,6,1,Brown Asteroid,1,3,3,2,2,65.625,1.65,1.45,1.526315789473684,26.883333333333333,5.125,5.125,1.125,0.125,53.875,17.416666666666668,11.666666666666666,1,0,1.43125,21.6,32.7,1.6116195781933944,0.6698564593301435,0.0,0.0
Aurion,6,6,Brown Asteroid,1,3,3,4,1,92.0,2.2,1.0999999999999999,0.5789473684210525,137.20208333333332,79.54166666666667,7.208333333333333,9.833333333333334,2.125,822.4583333333334,129.83333333333334,72.41666666666667,1,0.20833333333333334,0.9087499999999997,88.5,180.0,3.876425256991117,0.5577663671373556,0.0,0.0
Crimsonex,7,1,Brown Asteroid,1,3,3,4,1,60.0,1.425,2.125,1.1184210526315788,38.704166666666666,11.416666666666666,5.541666666666667,1.8333333333333333,0.625,135.875,17.541666666666668,10.666666666666666,1,0,2.0925000000000002,27.5,57.9,2.0482582046706495,0.6080760095011876,0.0,0.0
Crimsonex,7,6,Brown Asteroid,1,3,3,6,1,85.0,2.0,1.6,0.8421052631578947,63.2,26.458333333333332,6,2.9583333333333335,0.625,284.3333333333333,38.208333333333336,23.625,1,0,1.53,39.8,95.6,2.2698209718670075,0.6183206106870228,0.0,0.0
Hexora,8,1,Brown Asteroid,1,3,3,3,1,71.25,1.725,1.25,0.6578947368421052,71.75,32.166666666666664,6.375,4,0.9166666666666666,346,56.333333333333336,29.791666666666668,1,0,1.1575,41.6,125.7,2.76657060518732,0.5288461538461539,0.0,0.0
Hexora,8,7,Brown Asteroid,1,3,3,5,1,100.00000002,2.35000002,0.99999998,0.5263157789473684,162.87708333333333,104.16666666666667,5.708333333333333,12.416666666666666,2.5833333333333335,1038.4166666666667,177.83333333333334,96.25,1.1666666666666667,0.5416666666666666,0.7749999799999998,116.0,180.0,4.188285449924456,0.5412371134020618,0.16666666666666666,0.0
Lokásit,9,1,Brown Asteroid,1,3,3,4,1,65.625,1.6875,1.75,0.9210526315789473,42.229166666666664,13.5,5.541666666666667,1.6666666666666667,0.4166666666666667,152.04166666666666,23.291666666666668,13.083333333333334,1,0,1.7,32.35,51.9,1.7473607571896614,0.5617173524150268,0.0,0.0
Lokásit,9,8,Brown Asteroid,1,3,3,7,1,94.00000001000001,2.3,1.34999998,0.7105263052631579,93.53125,48.666666666666664,6.5,6.125,1.5416666666666667,507.875,69.95833333333333,43.166666666666664,1,0.041666666666666664,1.21874998,47.75,153.8,3.3861215087820327,0.6170339487790352,0.0,0.0
Trigon,10,1,Brown Asteroid,1,3,3,4,1,78.75,1.95,1.15,0.6052631578947367,107.5,58.041666666666664,6.958333333333333,7.125,1.5833333333333333,599.875,95.41666666666667,51.25,1,0.041666666666666664,1.0012499999999998,61.9,165.9,3.489795918367347,0.5371179039301309,0.0,0.0
Trigon,10,9,Brown Asteroid,1,3,3,6,1,110.0,2.65,0.8999999999999999,0.4736842105263157,171.87916666666666,127.20833333333333,1.6666666666666667,14,2.8333333333333335,1174.0416666666667,289.5,116.70833333333333,1.9583333333333333,0.875,0.6008333333333331,158.7,180.0,4.494883057233952,0.4031375935521013,0.8333333333333334,0.125
Zerathis,11,1,Brown Asteroid,1,3,3,5,1,71.25,1.875,1.65,0.8684210526315789,52.50208333333333,19.25,6.041666666666667,2.3333333333333335,0.5416666666666666,211.58333333333334,30.791666666666668,17.75,1,0,1.5887499999999999,33.45,80.55,2.0740100614178574,0.5764546684709067,0.0,0.0
Zerathis,11,9,Brown Asteroid,1,3,3,8,1,103.0,2.5,1.25,0.6578947368421052,123.1,69.20833333333333,6.708333333333333,7.916666666666667,1.4166666666666667,706.875,101.29166666666667,61.291666666666664,1,0.16666666666666666,1.0712499999999998,53.25,180.0,3.439536567704562,0.6051007815713697,0.0,0.0
G.O.-Prism,12,1,Brown Asteroid,1,3,3,5,1,82.5,2.0625,1.2,0.631578947368421,110.75833333333334,58.791666666666664,7,7.375,1.625,623.0416666666666,94.375,53.583333333333336,1,0,1.0549999999999997,46.15,168.55,3.5186535020873366,0.5677704194260486,0.0,0.0
G.O.-Prism,12,10,Brown Asteroid,1,3,3,9,1,114.99999998999999,2.79999996,0.8499999899999999,0.4473684157894736,169.85,128.04166666666666,1.375,13.291666666666666,2.25,1147.4166666666667,325.5,118.20833333333333,2.2083333333333335,0.875,0.5787499924999998,131.45,180.0,4.314308899107385,0.36315924219150025,0.875,0.3333333333333333
Solaris-C1,1,1,Ice Asteroids,2,1,3,1,3,55.0,1.125,1.6,2.5263157894736845,19.577083333333334,1.125,5,0.8333333333333334,0,16.875,11.375,7.041666666666667,1,0,1.59125,17.6,22.2,1.4460444658673255,0.6190476190476191,0.0,0.0
Solaris-C1,1,3,Ice Asteroids,2,1,3,2,2,75.0,1.5,1.3,1.368421052631579,26.364583333333332,4.791666666666667,5.333333333333333,1.125,0.125,72.16666666666667,19,11.791666666666666,1,0,1.28375,20.35,32.05,1.6318307731050115,0.6206140350877193,0.0,0.0
Hypron,2,1,Ice Asteroids,2,1,3,1,3,56.25,1.275,1.8,2.842105263157895,19.060416666666665,0.8333333333333334,5,0.7916666666666666,0.041666666666666664,13.791666666666666,9.875,6.541666666666667,1,0,1.79875,16.45,20.75,1.3945807083002018,0.6624472573839663,0.0,0.0
Hypron,2,3,Ice Asteroids,2,1,3,2,2,78.0,1.65,1.4,1.4736842105263157,25.372916666666665,4.541666666666667,5.125,1.1666666666666667,0.16666666666666666,68.95833333333333,16.791666666666668,10.875,1,0,1.37875,21.45,31.35,1.733835595231952,0.6476426799007444,0.0,0.0
Vanguard,3,1,Ice Asteroids,2,1,3,2,2,54.375,1.425,1.9,2.0,23.208333333333332,2.9166666666666665,5.208333333333333,1,0.041666666666666664,43.666666666666664,11.541666666666666,7.416666666666667,1,0,1.88625,18.3,32.25,1.5703380588876774,0.6425992779783394,0.0,0.0
Vanguard,3,4,Ice Asteroids,2,1,3,3,1,80.00000001000001,1.85000001,1.50000001,0.7894736894736842,74.9125,32.166666666666664,6.708333333333333,5.041666666666667,0.75,483.5,49.125,29.291666666666668,1,0,1.4112500099999998,44.15,100.4,3.3643820380925904,0.5962680237489398,0.0,0.0
Orion,4,1,Ice Asteroids,2,1,3,2,2,61.875,1.5,1.6,1.6842105263157896,23.052083333333332,3.1666666666666665,5.083333333333333,1.2083333333333333,0.20833333333333334,51.833333333333336,13.458333333333334,8.375,1,0,1.5875000000000001,19.15,27.4,1.9052833287708735,0.6222910216718266,0.0,0.0
Orion,4,5,Ice Asteroids,2,1,3,3,1,88.0,2.0,1.25,0.6578947368421053,90.35416666666667,46.125,6.333333333333333,7.208333333333333,1.2083333333333333,653.5,72.95833333333333,41.791666666666664,1,0.08333333333333333,1.1075,40.25,144.8,4.105200711884517,0.5728155339805825,0.0,0.0
Inferna,5,1,Ice Asteroids,2,1,3,3,1,54.375,1.275,2.25,1.1842105263157896,33.145833333333336,8.958333333333334,5.291666666666667,1.375,0.25,134.04166666666666,14.208333333333334,8.291666666666666,1,0,2.2225,22.55,43.3,1.7135439203807874,0.5835777126099706,0.0,0.0
Inferna,5,5,Ice Asteroids,2,1,3,5,1,78.0,1.75,1.75,0.9210526315789475,50.35,19.291666666666668,5.833333333333333,3,0.5416666666666666,280.0833333333333,27.791666666666668,17.208333333333332,1,0,1.68625,31.95,75.2,2.7543993879112474,0.6191904047976011,0.0,0.0
Aurion,6,1,Ice Asteroids,2,1,3,2,2,65.625,1.65,1.45,1.5263157894736843,23.802083333333332,3.5833333333333335,5.166666666666667,1,0,47.416666666666664,15.416666666666666,9.333333333333334,1,0,1.4237499999999998,20.55,29.1,1.546308724832215,0.6054054054054054,0.0,0.0
Aurion,6,6,Ice Asteroids,2,1,3,4,1,92.0,2.2,1.0999999999999999,0.5789473684210525,134.90208333333334,77.45833333333333,6.791666666666667,12.541666666666666,2.125,1093.0833333333333,134.45833333333334,70.95833333333333,1.0833333333333333,0.2916666666666667,0.9024999999999996,56.9,180.0,5.0199435742776535,0.5277347381468855,0.08333333333333333,0.0
Crimsonex,7,1,Ice Asteroids,2,1,3,4,1,60.0,1.425,2.125,1.118421052631579,35.58541666666667,10.041666666666666,5.541666666666667,1.6666666666666667,0.25,149.66666666666666,16.125,8.875,1,0,2.08875,20.85,48.85,1.9768543305465178,0.5503875968992248,0.0,0.0
Crimsonex,7,6,Ice Asteroids,2,1,3,6,1,85.0,2.0,1.6,0.8421052631578948,53.583333333333336,20.375,6.166666666666667,3.1666666666666665,0.5833333333333334,301.8333333333333,32.458333333333336,19.208333333333332,1,0,1.5325,29.3,79.05,2.7703523693803156,0.5917843388960204,0.0,0.0
Hexora,8,1,Ice Asteroids,2,1,3,3,1,71.25,1.725,1.25,0.6578947368421053,70.59166666666667,32.583333333333336,6,4.75,0.6666666666666666,456.2916666666667,55.25,29,1,0,1.1624999999999999,37.25,100.95,3.329763411547074,0.5248868778280543,0.0,0.0
Hexora,8,7,Ice Asteroids,2,1,3,5,1,100.00000002,2.35000002,0.99999998,0.5263157789473685,161.81875,103.125,5.041666666666667,16.75,3.0833333333333335,1416.7916666666667,189.75,94.08333333333333,1.25,0.625,0.7324999799999998,108.6,180.0,5.68378636315436,0.49582784365393057,0.25,0.0
Lokásit,9,1,Ice Asteroids,2,1,3,4,1,65.625,1.6875,1.75,0.9210526315789475,47.0,16.666666666666668,5.791666666666667,2.4583333333333335,0.4583333333333333,247.41666666666666,25.875,15.125,1,0,1.70125,31.95,67.65,2.379032258064516,0.5845410628019324,0.0,0.0
Lokásit,9,8,Ice Asteroids,2,1,3,7,1,94.00000001000001,2.3,1.34999998,0.710526305263158,86.05208333333333,42.208333333333336,6.666666666666667,6.416666666666667,0.9583333333333334,593.4166666666666,63.916666666666664,38.875,1,0,1.2449999799999998,40.75,141.3,3.8099165034532523,0.6082138200782269,0.0,0.0
Trigon,10,1,Ice Asteroids,2,1,3,4,1,78.75,1.95,1.15,0.6052631578947368,96.5125,49.708333333333336,6.791666666666667,7.416666666666667,1,689.4583333333334,85.75,45.583333333333336,1,0.041666666666666664,1.0124999999999997,31.4,148.3,3.9905840152449277,0.5315840621963072,0.0,0.0
Trigon,10,9,Ice Asteroids,2,1,3,6,1,110.0,2.65,0.8999999999999999,0.47368421052631576,174.62708333333333,122.41666666666667,2.7916666666666665,18.5,3.0416666666666665,1593.375,257.5833333333333,111.5,1.8333333333333333,0.9166666666666666,0.6374999999999997,180.0,180.0,5.853594225508399,0.43286962148172115,0.7916666666666666,0.041666666666666664
Zerathis,11,1,Ice Asteroids,2,1,3,5,1,71.25,1.875,1.65,0.868421052631579,41.572916666666664,14.5,5.458333333333333,2.1666666666666665,0.2916666666666667,204.625,23.958333333333332,13,1,0,1.60875,25.4,58.1,2.297919351868901,0.542608695652174,0.0,0.0
Zerathis,11,9,Ice Asteroids,2,1,3,8,1,103.0,2.5,1.25,0.6578947368421053,109.0125,59.333333333333336,6.791666666666667,9.25,1.375,823.6666666666666,89.66666666666667,53.583333333333336,1,0.041666666666666664,1.0824999999999998,44.6,171.25,4.475355306924705,0.5975836431226765,0.0,0.0
G.O.-Prism,12,1,Ice Asteroids,2,1,3,5,1,82.5,2.0625,1.2,0.631578947368421,88.1,44.5,6.333333333333333,6.833333333333333,1.0416666666666667,624,73.625,41.333333333333336,1,0.041666666666666664,1.0799999999999998,40.9,123.3,3.976721629485936,0.5614035087719299,0.0,0.0
G.O.-Prism,12,10,Ice Asteroids,2,1,3,9,1,114.99999998999999,2.79999996,0.8499999899999999,0.4473684157894737,180.0,133.625,1.5,18.583333333333332,2.5416666666666665,1654.125,345.7083333333333,124.45833333333333,2.3333333333333335,1,0.5654166595833331,180.0,180.0,5.717948717948718,0.3600096420392913,0.9583333333333334,0.375
Solaris-C1,1,1,Ice Asteroids,2,4,6,1,6,55.0,1.125,1.6,6.000000000000002,10.760416666666666,0,3,0,0,0,5.916666666666667,3.7083333333333335,1,0,1.6,9.7,11.55,0.0,0.6267605633802816,0.0,0.0
Solaris-C1,1,3,Ice Asteroids,2,4,6,2,3,75.0,1.5,1.3,2.4375000000000004,12.670833333333334,1.2916666666666667,3,0.875,0.125,29.625,8.583333333333334,5.958333333333333,1,0,1.2962500000000001,10.6,16.5,1.8973046227977715,0.6941747572815533,0.0,0.0
Hypron,2,1,Ice Asteroids,2,4,6,1,6,56.25,1.275,1.8,6.750000000000001,10.833333333333334,0,3,0,0,0,5.291666666666667,3.2916666666666665,1,0,1.8,9.85,12.0,0.0,0.6220472440944881,0.0,0.0
Hypron,2,3,Ice Asteroids,2,4,6,2,3,78.0,1.65,1.4,2.6249999999999996,12.722916666666666,1.2916666666666667,3,0.9166666666666666,0.20833333333333334,33.416666666666664,8.125,5.75,1,0,1.395,10.2,15.1,1.9839182385210792,0.7076923076923077,0.0,0.0
Vanguard,3,1,Ice Asteroids,2,4,6,2,3,54.375,1.425,1.9,3.5625,11.258333333333333,0.3333333333333333,3,0.375,0.041666666666666664,8.041666666666666,5.458333333333333,3.4166666666666665,1,0,1.89625,10.1,12.6,0.8568708346556649,0.6259541984732825,0.0,0.0
Vanguard,3,4,Ice Asteroids,2,4,6,3,2,80.00000001000001,1.85000001,1.50000001,1.8750000125000001,14.122916666666667,2.0833333333333335,3,1,0.041666666666666664,41,8.416666666666666,5.5,1,0,1.4937500099999999,11.45,15.95,2.060233206953287,0.6534653465346535,0.0,0.0
Orion,4,1,Ice Asteroids,2,4,6,2,3,61.875,1.5,1.6,3.000000000000001,12.097916666666666,0.75,3,0.5833333333333334,0.041666666666666664,16.083333333333332,6.666666666666667,4.5,1,0,1.5975000000000001,10.2,14.05,1.2916122088106405,0.6749999999999999,0.0,0.0
Orion,4,5,Ice Asteroids,2,4,6,3,2,88.0,2.0,1.25,1.5625000000000002,15.329166666666666,3.0416666666666665,3,1.0416666666666667,0.041666666666666664,56.125,10.875,6.916666666666667,1,0,1.24125,12.6,17.8,2.060722626734442,0.6360153256704981,0.0,0.0
Inferna,5,1,Ice Asteroids,2,4,6,3,2,54.375,1.275,2.25,2.8125000000000004,12.3375,0.8333333333333334,3,0.5833333333333334,0,16.041666666666668,5.041666666666667,2.7916666666666665,1,0,2.2475,10.55,13.75,1.2802926383173296,0.5537190082644627,0.0,0.0
Inferna,5,5,Ice Asteroids,2,4,6,5,2,78.0,1.75,1.75,2.1875,13.285416666666666,1.9583333333333333,3,1.125,0.20833333333333334,41.458333333333336,6.958333333333333,4.75,1,0,1.74625,11.45,15.85,2.386388745672829,0.6826347305389222,0.0,0.0
Aurion,6,1,Ice Asteroids,2,4,6,2,3,65.625,1.65,1.45,2.71875,12.1875,0.7916666666666666,3,0.7916666666666666,0.16666666666666666,21.958333333333332,7.5,4.75,1,0,1.4475,10.75,13.9,1.7471264367816093,0.6333333333333333,0.0,0.0
Aurion,6,6,Ice Asteroids,2,4,6,4,2,92.0,2.2,1.0999999999999999,1.375,17.075,4.583333333333333,3,1.25,0.125,86.58333333333333,13.875,9.416666666666666,1,0,1.0812499999999998,13.4,20.7,2.338269680436477,0.6786786786786786,0.0,0.0
Crimsonex,7,1,Ice Asteroids,2,4,6,4,2,60.0,1.425,2.125,2.65625,12.129166666666666,0.9166666666666666,3,0.7083333333333334,0.08333333333333333,20,5.166666666666667,2.875,1,0,2.12375,10.75,13.55,1.566579634464752,0.5564516129032258,0.0,0.0
Crimsonex,7,6,Ice Asteroids,2,4,6,6,1,85.0,2.0,1.6,1.0000000000000002,24.483333333333334,9.583333333333334,3.0416666666666665,1.9583333333333333,0.375,186.45833333333334,14.375,8.5,1,0,1.565,15.8,37.95,2.97593921485859,0.591304347826087,0.0,0.0
Hexora,8,1,Ice Asteroids,2,4,6,3,2,71.25,1.725,1.25,1.5625000000000002,14.597916666666666,2.5416666666666665,3,1.0416666666666667,0.041666666666666664,46.375,10.25,6.333333333333333,1,0,1.2425,12.6,16.5,2.1116351094530867,0.6178861788617885,0.0,0.0
Hexora,8,7,Ice Asteroids,2,4,6,5,2,100.00000002,2.35000002,0.99999998,1.2499999750000002,18.164583333333333,5.875,3,1.1666666666666667,0.08333333333333333,97.125,16.625,11.375,1,0,0.98874998,13.9,23.1,2.1106853445568188,0.6842105263157895,0.0,0.0
Lokásit,9,1,Ice Asteroids,2,4,6,4,2,65.625,1.6875,1.75,2.1875,12.947916666666666,1.5833333333333333,3,1,0.16666666666666666,34.125,6.791666666666667,4.291666666666667,1,0,1.74625,11.0,14.7,2.1468505404398064,0.6319018404907976,0.0,0.0
Lokásit,9,8,Ice Asteroids,2,4,6,7,1,94.00000001000001,2.3,1.34999998,0.8437499875000001,27.879166666666666,13.125,3,2.3333333333333335,0.375,235.08333333333334,19.5,12.041666666666666,1,0,1.31999998,15.45,39.65,3.264988825187057,0.6175213675213674,0.0,0.0
Trigon,10,1,Ice Asteroids,2,4,6,4,2,78.75,1.95,1.15,1.4375,15.4375,3.375,3,1.0416666666666667,0.041666666666666664,60.375,11.875,7.791666666666667,1,0,1.1412499999999999,12.75,17.9,2.053388090349076,0.656140350877193,0.0,0.0
Trigon,10,9,Ice Asteroids,2,4,6,6,1,110.0,2.65,0.8999999999999999,0.5625,55.947916666666664,37.25,3.5416666666666665,6.541666666666667,0.7916666666666666,621.3333333333334,65.54166666666667,34.458333333333336,1.0833333333333333,0,0.8049999999999998,19.2,88.4,5.53222727940097,0.5257469802924348,0.08333333333333333,0.0
Zerathis,11,1,Ice Asteroids,2,4,6,5,2,71.25,1.875,1.65,2.0625,13.060416666666667,1.6666666666666667,3,0.9166666666666666,0.125,34.125,7.041666666666667,4.416666666666667,1,0,1.6437499999999998,11.0,15.95,1.9600564258668052,0.6272189349112426,0.0,0.0
Zerathis,11,9,Ice Asteroids,2,4,6,8,1,103.0,2.5,1.25,0.7812500000000001,32.1625,15.833333333333334,3.0833333333333335,2.875,0.4166666666666667,286.2083333333333,24.25,14.75,1,0,1.2075,18.65,46.25,3.657566922873045,0.6082474226804123,0.0,0.0
G.O.-Prism,12,1,Ice Asteroids,2,4,6,5,2,82.5,2.0625,1.2,1.5,14.94375,3.375,3.0416666666666665,1.0416666666666667,0.041666666666666664,57.875,11.125,7.333333333333333,1,0,1.1875,11.8,19.8,2.087246921310791,0.6591760299625468,0.0,0.0
G.O.-Prism,12,10,Ice Asteroids,2,4,6,9,1,114.99999998999999,2.79999996,0.8499999899999999,0.53124999375,68.82291666666667,51.5,3.5,8.75,1.125,816.1666666666666,91.95833333333333,46.125,1.25,0,0.7387499899999999,23.0,141.35,6.263203678389462,0.5015858631626643,0.25,0.0
Solaris-C1,1,1,Crystal Asteroids,3,1,5,1,5,55.0,1.125,1.6,4.848484848484849,10.322916666666666,0,3,0,0,0,5.625,3.375,1,0,1.6,9.55,11.05,0.0,0.6,0.0,0.0
Solaris-C1,1,3,Crystal Asteroids,3,1,5,2,3,75.0,1.5,1.3,2.3636363636363638,11.791666666666666,0.7916666666666666,3,0.7916666666666666,0.16666666666666666,22.791666666666668,8,5.166666666666667,1,0,1.295,9.75,14.3,1.7729393468118197,0.6458333333333334,0.0,0.0
Hypron,2,1,Crystal Asteroids,3,1,5,1,5,56.25,1.275,1.8,5.454545454545455,10.316666666666666,0,3,0,0,0,5.208333333333333,2.9583333333333335,1,0,1.8,9.55,11.4,0.0,0.5680000000000001,0.0,0.0
Hypron,2,3,Crystal Asteroids,3,1,5,2,3,78.0,1.65,1.4,2.545454545454545,11.533333333333333,0.6666666666666666,3,0.75,0.16666666666666666,19.625,7.291666666666667,4.833333333333333,1,0,1.39625,9.75,13.6,1.6959798994974875,0.6628571428571428,0.0,0.0
Vanguard,3,1,Crystal Asteroids,3,1,5,2,3,54.375,1.425,1.9,3.454545454545454,10.920833333333333,0.375,3,0.4583333333333333,0.08333333333333333,10.833333333333334,5.208333333333333,3.2083333333333335,1,0,1.89625,9.75,12.45,1.060922681240958,0.6160000000000001,0.0,0.0
Vanguard,3,4,Crystal Asteroids,3,1,5,3,2,80.00000001000001,1.85000001,1.50000001,1.8181818303030304,13.910416666666666,2.3333333333333335,3,1.0416666666666667,0.08333333333333333,56.208333333333336,8.166666666666666,5.166666666666667,1,0,1.49625001,11.3,19.25,2.1618505440657203,0.6326530612244898,0.0,0.0
Orion,4,1,Crystal Asteroids,3,1,5,2,3,61.875,1.5,1.6,2.9090909090909096,11.216666666666667,0.5416666666666666,3,0.625,0.08333333333333333,15,6.166666666666667,3.9583333333333335,1,0,1.5987500000000001,9.55,12.7,1.4303877940241576,0.6418918918918919,0.0,0.0
Orion,4,5,Crystal Asteroids,3,1,5,3,2,88.0,2.0,1.25,1.5151515151515151,13.729166666666666,2.4166666666666665,3,1.125,0.16666666666666666,58.083333333333336,9.625,6.041666666666667,1,0,1.23625,10.6,15.9,2.349528643944888,0.6277056277056278,0.0,0.0
Inferna,5,1,Crystal Asteroids,3,1,5,3,2,54.375,1.275,2.25,2.7272727272727275,11.55625,0.7083333333333334,3,0.5833333333333334,0.08333333333333333,17.166666666666668,4.708333333333333,2.6666666666666665,1,0,2.2475,10.25,13.3,1.3179571663920924,0.5663716814159292,0.0,0.0
Inferna,5,5,Crystal Asteroids,3,1,5,5,1,78.0,1.75,1.75,1.0606060606060606,20.5125,6.75,3.0833333333333335,1.7916666666666667,0.3333333333333333,167.54166666666666,10.875,6.5,1,0,1.72,12.6,28.95,3.0271031326997533,0.5977011494252874,0.0,0.0
Aurion,6,1,Crystal Asteroids,3,1,5,2,3,65.625,1.65,1.45,2.6363636363636362,11.7,0.7916666666666666,3,0.75,0.16666666666666666,22.791666666666668,7.166666666666667,4.666666666666667,1,0,1.44625,9.75,13.6,1.6853932584269664,0.6511627906976745,0.0,0.0
Aurion,6,6,Crystal Asteroids,3,1,5,4,2,92.0,2.2,1.0999999999999999,1.3333333333333333,15.4375,3.5416666666666665,3.0833333333333335,1.125,0.08333333333333333,80.04166666666667,12.458333333333334,8.166666666666666,1,0,1.0837499999999998,12.6,19.3,2.217659137577002,0.6555183946488293,0.0,0.0
Crimsonex,7,1,Crystal Asteroids,3,1,5,4,2,60.0,1.425,2.125,2.5757575757575757,11.747916666666667,0.7916666666666666,3,0.6666666666666666,0.08333333333333333,21.333333333333332,5.125,3.0416666666666665,1,0,2.1225,10.25,13.3,1.495443570371524,0.5934959349593496,0.0,0.0
Crimsonex,7,6,Crystal Asteroids,3,1,5,6,1,85.0,2.0,1.6,0.9696969696969698,23.760416666666668,9.416666666666666,3.1666666666666665,2.375,0.4166666666666667,223.08333333333334,13.833333333333334,8.208333333333334,1,0,1.5762500000000002,15.25,34.8,3.6764310669174947,0.5933734939759037,0.0,0.0
Hexora,8,1,Crystal Asteroids,3,1,5,3,2,71.25,1.725,1.25,1.5151515151515151,13.825,2.2916666666666665,3,1.2083333333333333,0.25,58.5,9.708333333333334,5.75,1,0,1.23625,11.35,15.9,2.515177797051171,0.592274678111588,0.0,0.0
Hexora,8,7,Crystal Asteroids,3,1,5,5,1,100.00000002,2.35000002,0.99999998,0.6060605939393939,48.485416666666666,28.958333333333332,3.4583333333333335,6.958333333333333,1.0833333333333333,642.2916666666666,45.791666666666664,25.708333333333332,1,0,0.93249998,21.75,83.5,6.5763134578151154,0.5614194722474978,0.0,0.0
Lokásit,9,1,Crystal Asteroids,3,1,5,4,2,65.625,1.6875,1.75,2.121212121212121,12.670833333333334,1.5,3,0.8333333333333334,0.16666666666666666,38.166666666666664,6.625,3.9166666666666665,1,0,1.74875,9.75,16.3,1.8069567836169251,0.5911949685534591,0.0,0.0
Lokásit,9,8,Crystal Asteroids,3,1,5,7,1,94.00000001000001,2.3,1.34999998,0.8181818060606061,32.547916666666666,16.458333333333332,3.1666666666666665,3.9583333333333335,0.75,367,22.75,13.833333333333334,1,0,1.3137499799999999,18.8,57.35,4.994961223327345,0.6080586080586081,0.0,0.0
Trigon,10,1,Crystal Asteroids,3,1,5,4,2,78.75,1.95,1.15,1.3939393939393938,16.56041666666667,4.458333333333333,3.0833333333333335,1.25,0.08333333333333333,99.79166666666667,13.041666666666666,8.416666666666666,1,0,1.1349999999999998,12.7,21.4,2.3763944814839264,0.645367412140575,0.0,0.0
Trigon,10,9,Crystal Asteroids,3,1,5,6,1,110.0,2.65,0.8999999999999999,0.5454545454545454,64.19375,44.75,3.2916666666666665,11.25,2.25,947.375,76.375,39.375,1.125,0.041666666666666664,0.8033333333333332,36.6,112.0,8.523399889511483,0.5155482815057283,0.08333333333333333,0.041666666666666664
Zerathis,11,1,Crystal Asteroids,3,1,5,5,1,71.25,1.875,1.65,1.0,23.091666666666665,8.625,3.0416666666666665,2.125,0.4166666666666667,207.66666666666666,13.083333333333334,7.666666666666667,1,0,1.61875,13.85,30.95,3.3471887989499014,0.5859872611464968,0.0,0.0
Zerathis,11,9,Crystal Asteroids,3,1,5,8,1,103.0,2.5,1.25,0.7575757575757576,32.87291666666667,17.708333333333332,3.25,4.583333333333333,1,388.4583333333333,24.291666666666668,14.791666666666666,1,0,1.21625,14.7,61.15,5.744375299186213,0.6089193825042881,0.0,0.0
G.O.-Prism,12,1,Crystal Asteroids,3,1,5,5,1,82.5,2.0625,1.2,0.7272727272727273,33.510416666666664,17.291666666666668,3.125,4.416666666666667,0.8333333333333334,390.875,26.416666666666668,15.208333333333334,1,0,1.1424999999999998,16.25,50.05,5.462744255958772,0.5757097791798107,0.0,0.0
G.O.-Prism,12,10,Crystal Asteroids,3,1,5,9,1,114.99999998999999,2.79999996,0.8499999899999999,0.5151515090909091,80.28125,60.625,3.5416666666666665,15.833333333333334,3.6666666666666665,1263.2083333333333,104.125,53.25,1.2916666666666667,0.041666666666666664,0.7354166570833331,30.25,137.4,9.97048212528698,0.5114045618247299,0.25,0.041666666666666664
Solaris-C1,1,1,Crystal Asteroids,3,5,13,1,13,55.0,1.125,1.6,16.64,7.133333333333333,0,3,0,0,0,4,1.9166666666666667,1,0,1.6,6.5,7.85,0.0,0.4791666666666667,0.0,0.0
Solaris-C1,1,3,Crystal Asteroids,3,5,13,2,7,75.0,1.5,1.3,7.279999999999999,6.99375,0,3,0,0,0,4.666666666666667,2.5833333333333335,1,0,1.3,6.45,7.6,0.0,0.5535714285714286,0.0,0.0
Hypron,2,1,Crystal Asteroids,3,5,13,1,13,56.25,1.275,1.8,18.720000000000002,7.11875,0,3,0,0,0,3.75,1.75,1,0,1.8,6.5,7.8,0.0,0.4666666666666667,0.0,0.0
Hypron,2,3,Crystal Asteroids,3,5,13,2,7,78.0,1.65,1.4,7.839999999999999,6.99375,0,3,0,0,0,4.333333333333333,2.25,1,0,1.4,6.45,7.6,0.0,0.5192307692307693,0.0,0.0
Vanguard,3,1,Crystal Asteroids,3,5,13,2,7,54.375,1.425,1.9,10.639999999999999,7.11875,0,3,0,0,0,3.5416666666666665,1.625,1,0,1.9,6.5,7.8,0.0,0.45882352941176474,0.0,0.0
Vanguard,3,4,Crystal Asteroids,3,5,13,3,5,80.00000001000001,1.85000001,1.50000001,6.00000004,7.1125,0,3,0,0,0,4.25,2.2916666666666665,1,0,1.50000001,6.5,7.65,0.0,0.5392156862745098,0.0,0.0
Orion,4,1,Crystal Asteroids,3,5,13,2,7,61.875,1.5,1.6,8.96,7.133333333333333,0,3,0,0,0,4,1.9583333333333333,1,0,1.6,6.5,7.85,0.0,0.4895833333333333,0.0,0.0
Orion,4,5,Crystal Asteroids,3,5,13,3,5,88.0,2.0,1.25,5.0,6.997916666666667,0,3,0,0,0,4.958333333333333,2.7916666666666665,1,0,1.25,6.45,7.65,0.0,0.5630252100840336,0.0,0.0
Inferna,5,1,Crystal Asteroids,3,5,13,3,5,54.375,1.275,2.25,9.0,7.11875,0,3,0,0,0,2.9583333333333335,1.1666666666666667,1,0,2.25,6.5,7.8,0.0,0.3943661971830986,0.0,0.0
Inferna,5,5,Crystal Asteroids,3,5,13,5,3,78.0,1.75,1.75,4.2,7.202083333333333,0.041666666666666664,3,0.041666666666666664,0,1.4166666666666667,3.875,2.375,1,0,1.75,6.5,7.85,0.11260204560382847,0.6129032258064516,0.0,0.0
Aurion,6,1,Crystal Asteroids,3,5,13,2,7,65.625,1.65,1.45,8.120000000000001,7.004166666666666,0,3,0,0,0,4.25,2,1,0,1.45,6.45,7.6,0.0,0.47058823529411764,0.0,0.0
Aurion,6,6,Crystal Asteroids,3,5,13,4,4,92.0,2.2,1.0999999999999999,3.5199999999999996,7.027083333333334,0,3,0,0,0,5.416666666666667,3.2083333333333335,1,0,1.0999999999999999,6.45,7.65,0.0,0.5923076923076923,0.0,0.0
Crimsonex,7,1,Crystal Asteroids,3,5,13,4,4,60.0,1.425,2.125,6.8,7.11875,0,3,0,0,0,3.0416666666666665,1.4166666666666667,1,0,2.125,6.5,7.8,0.0,0.4657534246575343,0.0,0.0
Crimsonex,7,6,Crystal Asteroids,3,5,13,6,3,85.0,2.0,1.6,3.8400000000000007,7.229166666666667,0.041666666666666664,3,0.041666666666666664,0,1.4166666666666667,4.041666666666667,2.1666666666666665,1,0,1.6,6.5,8.0,0.11246485473289597,0.536082474226804,0.0,0.0
Hexora,8,1,Crystal Asteroids,3,5,13,3,5,71.25,1.725,1.25,5.0,6.997916666666667,0,3,0,0,0,4.958333333333333,2.5833333333333335,1,0,1.25,6.45,7.65,0.0,0.5210084033613446,0.0,0.0
Hexora,8,7,Crystal Asteroids,3,5,13,5,3,100.00000002,2.35000002,0.99999998,2.399999952,7.745833333333334,0.5833333333333334,3,0.5416666666666666,0.08333333333333333,21.791666666666668,6.958333333333333,4.416666666666667,1,0,0.99749998,6.5,9.3,1.4288331196189779,0.6347305389221558,0.0,0.0
Lokásit,9,1,Crystal Asteroids,3,5,13,4,4,65.625,1.6875,1.75,5.6,7.10625,0,3,0,0,0,3.8333333333333335,1.9166666666666667,1,0,1.75,6.5,7.8,0.0,0.5,0.0,0.0
Lokásit,9,8,Crystal Asteroids,3,5,13,7,2,94.00000001000001,2.3,1.34999998,2.159999968,8.314583333333333,1.125,3,0.7083333333333334,0.08333333333333333,37.375,5.666666666666667,3.125,1,0,1.34874998,6.5,9.95,1.822893396479314,0.551470588235294,0.0,0.0
Trigon,10,1,Crystal Asteroids,3,5,13,4,4,78.75,1.95,1.15,3.6799999999999997,6.991666666666667,0,3,0,0,0,5.25,2.9166666666666665,1,0,1.15,6.45,7.65,0.0,0.5555555555555556,0.0,0.0
Trigon,10,9,Crystal Asteroids,3,5,13,6,3,110.0,2.65,0.8999999999999999,2.1599999999999997,7.825,0.5,3,0.6666666666666666,0.16666666666666666,20.916666666666668,7.375,4.583333333333333,1,0,0.8999999999999999,6.5,9.2,1.7524644030668128,0.6214689265536723,0.0,0.0
Zerathis,11,1,Crystal Asteroids,3,5,13,5,3,71.25,1.875,1.65,3.9599999999999995,7.229166666666667,0.041666666666666664,3,0.041666666666666664,0,1.4166666666666667,4.041666666666667,1.9583333333333333,1,0,1.65,6.5,8.0,0.11246485473289597,0.48453608247422675,0.0,0.0
Zerathis,11,9,Crystal Asteroids,3,5,13,8,2,103.0,2.5,1.25,2.0,8.564583333333333,1.3333333333333333,3,0.7083333333333334,0,39.666666666666664,6.125,3.4166666666666665,1,0,1.24875,6.5,9.95,1.8035540624171162,0.5578231292517006,0.0,0.0
G.O.-Prism,12,1,Crystal Asteroids,3,5,13,5,3,82.5,2.0625,1.2,2.88,7.322916666666667,0.25,3,0.3333333333333333,0.08333333333333333,10.458333333333334,5.333333333333333,3.1666666666666665,1,0,1.19875,6.5,8.45,0.8959402706486234,0.59375,0.0,0.0
G.O.-Prism,12,10,Crystal Asteroids,3,5,13,9,2,114.99999998999999,2.79999996,0.8499999899999999,1.3599999839999999,9.7875,2.9583333333333335,3.0833333333333335,1.25,0.16666666666666666,86.875,10.166666666666666,6.375,1,0,0.8412499899999999,6.75,11.2,3.02571860816944,0.6270491803278689,0.0,0.0
Solaris-C1,1,1,G.O.-Terids,4,1,8,1,8,55.0,1.125,1.6,9.142857142857144,8.2125,0,3,0,0,0,4.625,2.0833333333333335,1,0,1.6,7.6,8.95,0.0,0.45045045045045046,0.0,0.0
Solaris-C1,1,3,G.O.-Terids,4,1,8,2,4,75.0,1.5,1.3,3.714285714285715,8.264583333333333,0,3,0,0,0,5.5,2.7916666666666665,1,0,1.3,7.6,8.95,0.0,0.5075757575757576,0.0,0.0
Hypron,2,1,G.O.-Terids,4,1,8,1,8,56.25,1.275,1.8,10.285714285714286,8.297916666666667,0,3,0,0,0,4.208333333333333,1.875,1,0,1.8,7.6,8.95,0.0,0.44554455445544555,0.0,0.0
Hypron,2,3,G.O.-Terids,4,1,8,2,4,78.0,1.65,1.4,4.0,8.2375,0,3,0,0,0,5.208333333333333,2.7083333333333335,1,0,1.4,7.6,8.95,0.0,0.52,0.0,0.0
Vanguard,3,1,G.O.-Terids,4,1,8,2,4,54.375,1.425,1.9,5.428571428571429,8.4,0,3,0,0,0,4,1.4583333333333333,1,0,1.9,7.85,9.15,0.0,0.3645833333333333,0.0,0.0
Vanguard,3,4,G.O.-Terids,4,1,8,3,3,80.00000001000001,1.85000001,1.50000001,3.2142857357142858,8.347916666666666,0.125,3,0.125,0,5.25,4.958333333333333,2.25,1,0,1.49875001,7.6,9.15,0.3212278040510395,0.45378151260504207,0.0,0.0
Orion,4,1,G.O.-Terids,4,1,8,2,4,61.875,1.5,1.6,4.571428571428572,8.2125,0,3,0,0,0,4.625,1.9166666666666667,1,0,1.6,7.6,8.95,0.0,0.41441441441441446,0.0,0.0
Orion,4,5,G.O.-Terids,4,1,8,3,3,88.0,2.0,1.25,2.678571428571429,8.520833333333334,0.20833333333333334,3,0.20833333333333334,0,8.75,5.916666666666667,2.7083333333333335,1,0,1.25,7.6,9.45,0.5314437555358724,0.45774647887323944,0.0,0.0
Inferna,5,1,G.O.-Terids,4,1,8,3,3,54.375,1.275,2.25,4.821428571428572,8.370833333333334,0,3,0,0,0,3.5416666666666665,1.2083333333333333,1,0,2.25,7.85,8.85,0.0,0.3411764705882353,0.0,0.0
Inferna,5,5,G.O.-Terids,4,1,8,5,2,78.0,1.75,1.75,2.5,9.033333333333333,0.5833333333333334,3,0.5833333333333334,0.08333333333333333,26.208333333333332,4.625,2.2916666666666665,1,0,1.75,7.7,10.2,1.4563106796116505,0.4954954954954955,0.0,0.0
Aurion,6,1,G.O.-Terids,4,1,8,2,4,65.625,1.65,1.45,4.142857142857143,8.245833333333334,0,3,0,0,0,5.041666666666667,2.1666666666666665,1,0,1.45,7.6,8.95,0.0,0.42975206611570244,0.0,0.0
Aurion,6,6,G.O.-Terids,4,1,8,4,2,92.0,2.2,1.0999999999999999,1.5714285714285714,9.725,1.125,3,0.875,0.08333333333333333,45.875,7.75,3.5,1,0,1.09625,7.9,10.95,2.1233569261880687,0.45161290322580644,0.0,0.0
Crimsonex,7,1,G.O.-Terids,4,1,8,4,2,60.0,1.425,2.125,3.035714285714286,8.522916666666667,0.16666666666666666,3,0.16666666666666666,0,7,3.8333333333333335,1.25,1,0,2.125,7.85,9.15,0.42511735010185103,0.32608695652173914,0.0,0.0
Crimsonex,7,6,G.O.-Terids,4,1,8,6,2,85.0,2.0,1.6,2.285714285714286,8.816666666666666,0.4583333333333333,3,0.5416666666666666,0.08333333333333333,20.958333333333332,5.041666666666667,2.0416666666666665,1,0,1.5987500000000001,7.6,9.85,1.3645906228131561,0.40495867768595034,0.0,0.0
Hexora,8,1,G.O.-Terids,4,1,8,3,3,71.25,1.725,1.25,2.678571428571429,8.520833333333334,0.20833333333333334,3,0.20833333333333334,0,8.75,5.916666666666667,2.7083333333333335,1,0,1.25,7.6,9.45,0.5314437555358724,0.45774647887323944,0.0,0.0
Hexora,8,7,G.O.-Terids,4,1,8,5,2,100.00000002,2.35000002,0.99999998,1.4285714,10.966666666666667,2.375,3,1.2083333333333333,0.08333333333333333,88.375,9.916666666666666,5.125,1,0,0.99124998,8.1,12.25,2.7920410783055196,0.5168067226890757,0.0,0.0
Lokásit,9,1,G.O.-Terids,4,1,8,4,2,65.625,1.6875,1.75,2.5,8.729166666666666,0.4166666666666667,3,0.5,0.08333333333333333,19.208333333333332,4.5,1.9166666666666667,1,0,1.75,7.6,9.85,1.264266900790167,0.42592592592592593,0.0,0.0
Lokásit,9,8,G.O.-Terids,4,1,8,7,2,94.00000001000001,2.3,1.34999998,1.9285714,9.69375,1.1666666666666667,3,0.6666666666666666,0.08333333333333333,47.291666666666664,6.416666666666667,3.0416666666666665,1,0,1.34749998,7.6,12.25,1.6198430777018475,0.47402597402597396,0.0,0.0
Trigon,10,1,G.O.-Terids,4,1,8,4,2,78.75,1.95,1.15,1.6428571428571428,9.804166666666667,1.1666666666666667,3,1.0416666666666667,0.16666666666666666,48.916666666666664,7.583333333333333,3.5,1,0,1.145,8.65,11.35,2.519737947253486,0.46153846153846156,0.0,0.0
Trigon,10,9,G.O.-Terids,4,1,8,6,2,110.0,2.65,0.8999999999999999,1.2857142857142856,11.54375,2.4583333333333335,3,1.375,0.16666666666666666,103.29166666666667,11.166666666666666,6.208333333333333,1,0,0.8949999999999999,8.85,14.65,3.108076289145279,0.5559701492537313,0.0,0.0
Zerathis,11,1,G.O.-Terids,4,1,8,5,2,71.25,1.875,1.65,2.357142857142857,8.683333333333334,0.4166666666666667,3,0.5,0.08333333333333333,19.208333333333332,4.666666666666667,1.9583333333333333,1,0,1.65,7.6,9.6,1.266713581984518,0.4196428571428571,0.0,0.0
Zerathis,11,9,G.O.-Terids,4,1,8,8,1,103.0,2.5,1.25,0.8928571428571429,16.327083333333334,6.416666666666667,3.0416666666666665,2.6666666666666665,0.3333333333333333,255.91666666666666,11.958333333333334,5.541666666666667,1,0,1.23875,10.1,30.2,5.107401742368824,0.4634146341463415,0.0,0.0
G.O.-Prism,12,1,G.O.-Terids,4,1,8,5,2,82.5,2.0625,1.2,1.7142857142857144,10.014583333333333,1.3333333333333333,3,1.125,0.16666666666666666,55.958333333333336,7.375,3.7916666666666665,1,0,1.1949999999999998,8.65,11.6,2.698425918214375,0.5141242937853107,0.0,0.0
G.O.-Prism,12,10,G.O.-Terids,4,1,8,9,1,114.99999998999999,2.79999996,0.8499999899999999,0.60714285,22.33125,13.375,3.0416666666666665,4.625,0.5833333333333334,458.0833333333333,24.25,11.375,1,0,0.8237499899999999,12.05,42.3,7.4334505273731795,0.4690721649484536,0.0,0.0
Solaris-C1,1,1,G.O.-Terids,4,6,18,1,18,55.0,1.125,1.6,28.800000000000004,4.804166666666667,0,2,0,0,0,2.7083333333333335,0.9166666666666666,1,0,1.6,4.3,5.4,0.0,0.3384615384615384,0.0,0.0
Solaris-C1,1,3,G.O.-Terids,4,6,18,2,9,75.0,1.5,1.3,11.700000000000003,4.804166666666667,0,2,0,0,0,3.0833333333333335,1.1666666666666667,1,0,1.3,4.3,5.4,0.0,0.3783783783783784,0.0,0.0
Hypron,2,1,G.O.-Terids,4,6,18,1,18,56.25,1.275,1.8,32.400000000000006,4.804166666666667,0,2,0,0,0,2.375,0.7083333333333334,1,0,1.8,4.3,5.4,0.0,0.29824561403508776,0.0,0.0
Hypron,2,3,G.O.-Terids,4,6,18,2,9,78.0,1.65,1.4,12.600000000000001,4.804166666666667,0,2,0,0,0,3.0416666666666665,1.0833333333333333,1,0,1.4,4.3,5.4,0.0,0.3561643835616438,0.0,0.0
Vanguard,3,1,G.O.-Terids,4,6,18,2,9,54.375,1.425,1.9,17.1,4.804166666666667,0,2,0,0,0,2.25,0.6666666666666666,1,0,1.9,4.3,5.4,0.0,0.2962962962962963,0.0,0.0
Vanguard,3,4,G.O.-Terids,4,6,18,3,6,80.00000001000001,1.85000001,1.50000001,9.000000060000001,4.804166666666667,0,2,0,0,0,2.9583333333333335,0.9583333333333334,1,0,1.50000001,4.3,5.4,0.0,0.323943661971831,0.0,0.0
Orion,4,1,G.O.-Terids,4,6,18,2,9,61.875,1.5,1.6,14.400000000000002,4.804166666666667,0,2,0,0,0,2.7083333333333335,0.75,1,0,1.6,4.3,5.4,0.0,0.2769230769230769,0.0,0.0
Orion,4,5,G.O.-Terids,4,6,18,3,6,88.0,2.0,1.25,7.500000000000001,4.804166666666667,0,2,0,0,0,3.2083333333333335,1.0416666666666667,1,0,1.25,4.3,5.4,0.0,0.3246753246753247,0.0,0.0
Inferna,5,1,G.O.-Terids,4,6,18,3,6,54.375,1.275,2.25,13.500000000000002,4.804166666666667,0,2,0,0,0,2.0833333333333335,0.6666666666666666,1,0,2.25,4.3,5.4,0.0,0.31999999999999995,0.0,0.0
Inferna,5,5,G.O.-Terids,4,6,18,5,4,78.0,1.75,1.75,7.000000000000001,4.804166666666667,0,2,0,0,0,2.5,0.9583333333333334,1,0,1.75,4.3,5.4,0.0,0.38333333333333336,0.0,0.0
Aurion,6,1,G.O.-Terids,4,6,18,2,9,65.625,1.65,1.45,13.05,4.804166666666667,0,2,0,0,0,3,0.9583333333333334,1,0,1.45,4.3,5.4,0.0,0.3194444444444445,0.0,0.0
Aurion,6,6,G.O.-Terids,4,6,18,4,5,92.0,2.2,1.0999999999999999,5.5,4.804166666666667,0,2,0,0,0,3.625,1.25,1,0,1.0999999999999999,4.3,5.4,0.0,0.3448275862068966,0.0,0.0
Crimsonex,7,1,G.O.-Terids,4,6,18,4,5,60.0,1.425,2.125,10.625000000000002,4.804166666666667,0,2,0,0,0,2.125,0.5833333333333334,1,0,2.125,4.3,5.4,0.0,0.27450980392156865,0.0,0.0
Crimsonex,7,6,G.O.-Terids,4,6,18,6,3,85.0,2.0,1.6,4.800000000000002,4.804166666666667,0,2,0,0,0,2.7083333333333335,0.9583333333333334,1,0,1.6,4.3,5.4,0.0,0.35384615384615387,0.0,0.0
Hexora,8,1,G.O.-Terids,4,6,18,3,6,71.25,1.725,1.25,7.500000000000001,4.804166666666667,0,2,0,0,0,3.2083333333333335,0.9166666666666666,1,0,1.25,4.3,5.4,0.0,0.2857142857142857,0.0,0.0
Hexora,8,7,G.O.-Terids,4,6,18,5,4,100.00000002,2.35000002,0.99999998,3.9999999200000005,4.822916666666667,0,2,0,0,0,4.083333333333333,1.75,1,0,0.99999998,4.3,5.85,0.0,0.4285714285714286,0.0,0.0
Lokásit,9,1,G.O.-Terids,4,6,18,4,5,65.625,1.6875,1.75,8.750000000000002,4.804166666666667,0,2,0,0,0,2.5,0.75,1,0,1.75,4.3,5.4,0.0,0.3,0.0,0.0
Lokásit,9,8,G.O.-Terids,4,6,18,7,3,94.00000001000001,2.3,1.34999998,4.049999940000001,4.804166666666667,0,2,0,0,0,3.0833333333333335,0.9583333333333334,1,0,1.34999998,4.3,5.4,0.0,0.3108108108108108,0.0,0.0
Trigon,10,1,G.O.-Terids,4,6,18,4,5,78.75,1.95,1.15,5.750000000000001,4.804166666666667,0,2,0,0,0,3.625,1.1666666666666667,1,0,1.15,4.3,5.4,0.0,0.3218390804597701,0.0,0.0
Trigon,10,9,G.O.-Terids,4,6,18,6,3,110.0,2.65,0.8999999999999999,2.7,4.902083333333334,0.08333333333333333,2,0.08333333333333333,0,4.666666666666667,4.416666666666667,1.9583333333333333,1,0,0.8987499999999999,4.3,5.85,0.2512299801109599,0.4433962264150943,0.0,0.0
Zerathis,11,1,G.O.-Terids,4,6,18,5,4,71.25,1.875,1.65,6.6000000000000005,4.804166666666667,0,2,0,0,0,2.5416666666666665,0.75,1,0,1.65,4.3,5.4,0.0,0.29508196721311475,0.0,0.0
Zerathis,11,9,G.O.-Terids,4,6,18,8,3,103.0,2.5,1.25,3.7500000000000004,4.804166666666667,0,2,0,0,0,3.2083333333333335,1.0833333333333333,1,0,1.25,4.3,5.4,0.0,0.3376623376623376,0.0,0.0
G.O.-Prism,12,1,G.O.-Terids,4,6,18,5,4,82.5,2.0625,1.2,4.800000000000001,4.804166666666667,0,2,0,0,0,3.4166666666666665,1.1666666666666667,1,0,1.2,4.3,5.4,0.0,0.34146341463414637,0.0,0.0
G.O.-Prism,12,10,G.O.-Terids,4,6,18,9,2,114.99999998999999,2.79999996,0.8499999899999999,1.69999998,6.110416666666667,1.5833333333333333,2,0.9583333333333334,0,76.5,6.166666666666667,3.1666666666666665,1,0,0.8462499899999999,4.4,6.55,2.723773808348959,0.5135135135135135,0.0,0.0
